ID,title,Status,unclearaddress,description,Lat/Lon,streetaddress,notes,city,state,amenityfeatures,type,dateadded,lastmodified,Year
2,King Cotton,General City Coordinates Used,checked,(may be opening summer '73 - Inquire locally),"30.254257,-88.112415",,,Mobile,AL,,Bars/Clubs,8/31/2019 2:07pm,9/7/2019 1:18pm,1974
1,Airport Motel Bar,Found,checked,"Birmingham Airport
","33.562028,-86.75248",5900 Messer Airport Hwy,,Birmingham,AL,(M) - Mixed Crowds,"Hotels,Bars/Clubs",8/31/2019 2:07pm,9/7/2019 1:18pm,1974
3,Cruisy Area,Found,checked,," 33.518128,-86.808085 ",5th Ave N & 20th St N,,Birmingham,AL,Cruisy Area,Cruising Areas,8/31/2019 2:07pm,9/7/2019 1:18pm,1974
6,Dolphin Island,General City Coordinates Used,checked,(summers only),"30.254257,-88.112415",,Coordinates for Dauphin Island due to unlcear location.,Mobile,AL,Cruisy Area,Cruising Areas,8/31/2019 2:07pm,9/7/2019 1:18pm,1974
5,Mrs. Todd's,General City Coordinates Used,checked,,"33.209841,-87.569173 ",,,Tuscaloosa,AL,"(M) - Mixed Crowds,(YC) - Young and/or collegiate types",Bars/Clubs,8/31/2019 2:07pm,9/7/2019 1:18pm,1974
172,Steak Barn,General City Coordinates Used,checked,downtown - inquire locally.,"32.609857,-85.480782 ",,,Auburn,AL,"""(C) - Coffee, soft drinks and sometimes food -- usually open late after bars have closed"",(M) - Mixed Crowds",Bars/Clubs,8/29/2019 3:15pm,9/7/2019 1:19pm,1971
173,The Club,General City Coordinates Used,,(about 5 miles out),"32.379223,-86.307737 ",,Coordinates for Montogomery due to vague address.,Montgomery,AL,"(P) - Private club - Inquire locally to admission,(D) - Dancing",Bars/Clubs,8/29/2019 3:15pm,9/7/2019 1:20pm,1971
234,Jewel Box,Found,checked,Dinkler-Tutwiler Hotel," 33.518128,-86.808085 ",5th Ave N & 20th St N,,Birmingham,AL,"(M) - Mixed Crowds,(PE) - Pretty elegant - jacket & tie may be required",Bars/Clubs,8/13/2019 10:31am,9/7/2019 1:33pm,1969
235,Flamingo Room,General City Coordinates Used,checked,Mobile Steak House,"30.254257,-88.112415",,Coordinates for Mobile due to unclear address.,Mobile,AL,,Bars/Clubs,8/13/2019 10:31am,9/7/2019 1:24pm,1969
236,Exchange Bar ,Found,,Exchange Hotel,"32.379082,-86.312033",201 Tallapoosa St,Address updated. Location still exists.,Montgomery,AL,,Bars/Clubs,8/13/2019 10:31am,9/7/2019 1:24pm,1969
295,Jewel Box,Found,checked,"Dinkler-Tutwiler Hotel
"," 33.518128,-86.808085 ",5th Ave N & 20th St N,,Birmingham,AL,"(M) - Mixed Crowds,(PE) - Pretty elegant - jacket & tie may be required","Bars/Clubs,Hotels",8/19/2019 12:22am,9/7/2019 1:31pm,1968
296,Jefferson Davis Hotel Bar,Found,,,"32.375534,-86.312561",,Coordinates for cross street.,Montgomery,AL,(M) - Mixed Crowds,"Bars/Clubs,Hotels",8/19/2019 12:22am,9/7/2019 1:31pm,1968
340,Jewel Box,Found,checked,Dinkler-Tutwiler Hotel," 33.518128,-86.808085 ",5th Ave N & 20th St N,,Birmingham,AL,"(M) - Mixed Crowds,(PE) - Pretty elegant - jacket & tie may be required",Hotels,8/12/2019 10:30am,9/7/2019 1:30pm,1966
341,Jefferson Davis Hotel Bar,Found,,,"32.375534,-86.312561",,Coordinates for cross street.,Montgomery,AL,(M) - Mixed Crowds,"Bars/Clubs,Hotels",8/12/2019 10:30am,9/7/2019 1:30pm,1966
369,Jewel Box,Found,checked,Dinkler-Tutwiler Hotel," 33.518128,-86.808085 ",5th Ave N & 20th St N,,Birmingham,AL,"(M) - Mixed Crowds,(PE) - Pretty elegant - jacket & tie may be required",Bars/Clubs,8/13/2019 11:23pm,9/7/2019 1:29pm,1965
370,Jefferson Davis Hotel Bar,Found,,,"32.375534,-86.312561",,Coordinates for cross street.,Montgomery,AL,(M) - Mixed Crowds,Bars/Clubs,8/13/2019 11:23pm,9/7/2019 1:30pm,1965
58,Denny's,Found,checked,,"33.807914,-84.365919",,,Atlanta,GA,"(M) - Mixed Crowds,""(R) - Restaurant, usually serving dinner. A '*' after this symbol does not necessarily indicate quality of food served, but popularity of the place. "",""(C) - Coffee, soft drinks and sometimes snacks""",Restaurant,9/4/2019 11:50am,9/7/2019 1:18pm,1974
63,Ralston Hotel Bar,General City Coordinates Used,checked,,"33.748995,-84.387982",,,Atlanta,GA,(M) - Mixed Crowds,"Hotels,Bars/Clubs",9/4/2019 11:50am,9/7/2019 1:18pm,1974
70,Savannah Beach,Found,checked,(summers),"32.000215,-80.845666",,,Savannah,GA,Cruisy Area,Cruising Areas,9/5/2019 2:12pm,9/7/2019 1:18pm,1974
57,El Matador,Found,checked,Ansley Mall Shopping Center,"33.797088,-84.368977 ",,,Atlanta,GA,,Bars/Clubs,9/4/2019 11:50am,9/7/2019 1:18pm,1974
60,Picadilly Lounge,General City Coordinates Used,checked,(closed -- supposedly reopening elsewhere. Inquire locally),"33.748995,-84.387982",,,Atlanta,GA,"(PE) - Pretty elegant - jacket & tie may be required,""(R) - Restaurant, usually serving dinner. A '*' after this symbol does not necessarily indicate quality of food served, but popularity of the place. """,Restaurant,9/4/2019 11:50am,9/7/2019 1:18pm,1974
67,Library,Found,checked,area around Peachtree and Carnegie,"33.762629,-84.387506",,,Atlanta,GA,Cruisy Area,Cruising Areas,9/5/2019 2:12pm,9/7/2019 1:18pm,1974
55,Port Royal East,General City Coordinates Used,checked,,"32.000215,-80.845666",,,Savannah Beach,GA,(M) - Mixed Crowds,Bars/Clubs,9/4/2019 11:25am,9/7/2019 1:18pm,1974
66,Piedmont Park,Found,checked,parking lot & nature trails,"33.785086,-84.373803",,,Atlanta,GA,Cruisy Area,Cruising Areas,9/5/2019 2:12pm,9/7/2019 1:18pm,1974
65,Street in front of Holiday Inn,Found,checked,," 33.956742,-83.377717 ",,Approximate. See https://www.hotel-online.com/archives/archive-33400/,Athens,GA,Cruisy Area,Cruising Areas,9/5/2019 2:12pm,9/7/2019 1:18pm,1974
64,Black Lace,General City Coordinates Used,checked,,"32.000215,-80.845666",,,Savannah Beach,GA,(M) - Mixed Crowds,Bars/Clubs,9/4/2019 11:50am,9/7/2019 1:18pm,1974
59,Esperando ,Found,checked,"(3 floors)
","33.777257,-84.385696",,,Atlanta,GA,"(D) - Dancing,""(R) - Restaurant, usually serving dinner. A '*' after this symbol does not necessarily indicate quality of food served, but popularity of the place. "",(S) - Shows - impersonators or record pantomime acts - often touristy,""(SM) - Some motorcycle. Don't confuse with 'M-S,' which means mixed crowds - shows. "",(*) - Very popular","Restaurant,Bars/Clubs",9/4/2019 11:50am,9/7/2019 1:18pm,1974
69,Bull Street squares,Discuss/Question,checked,by foot or car,"32.080899,-81.091203",,,Savannah,GA,Cruisy Area,Cruising Areas,9/5/2019 2:12pm,9/7/2019 1:18pm,1974
61,Windjammer Lounge ,General City Coordinates Used,checked,Marriott Hotel,"33.748995,-84.387982",,,Atlanta,GA,"(M) - Mixed Crowds,(PE) - Pretty elegant - jacket & tie may be required","Hotels,Bars/Clubs",9/4/2019 11:50am,9/7/2019 1:18pm,1974
62,The Rail,General City Coordinates Used,checked,,"33.748995,-84.387982",,,Atlanta,GA,"(M) - Mixed Crowds,(YC) - Young and/or collegiate types",Bars/Clubs,9/4/2019 11:50am,9/7/2019 1:18pm,1974
54,Continental Lounge,Found,checked,New Albany Motor Hotel,"31.578881,-84.153188 ",,"Located at 245 Pine Ave. Added to National Registry of Historic Places in 1982. Now The Flats @ 249, an apartment complex. See https://en.wikipedia.org/wiki/New_Albany_Hotel",Albany,GA,,"Hotels,Bars/Clubs",9/4/2019 11:25am,9/7/2019 1:18pm,1974
68,Old Volunteer Guards Hall,Found,checked,,"32.072944,-81.093773",,,Savannah,GA,Cruisy Area,Cruising Areas,9/5/2019 2:12pm,9/7/2019 1:18pm,1974
56,Cypress St,Found,checked,(an alley betw. Peachtree and W.Peachtree from 5th to 9th streets),"33.77731,-84.38612",,The location here is for 6th st between Peachtree and W. Peachtree.,Atlanta,GA,Cruisy Area,Cruising Areas,9/4/2019 11:25am,9/7/2019 1:18pm,1974
194,Columbus Room,General City Coordinates Used,checked,Columbus Hotel,"32.460976,-84.987709",,,Columbus,GA,,"Hotels,Bars/Clubs",8/30/2019 11:35am,9/7/2019 1:20pm,1971
191,Play Pen,General City Coordinates Used,checked,(downtown - Inquire locally) ,"33.473498,-82.010515",,,Augusta,GA,(*) - Very popular,Bars/Clubs,8/30/2019 11:35am,9/7/2019 1:20pm,1971
195,Black Lace,General City Coordinates Used,checked,,"32.000215,-80.845666",,,Savannah Beach,GA,(M) - Mixed Crowds,Bars/Clubs,8/30/2019 11:35am,9/7/2019 1:20pm,1971
187,Cameo ,General City Coordinates Used,checked,,"33.748995,-84.387982",,Coordinates for Atlanta in general. Cain St does not intersect Williams any longer. ,Atlanta,GA,"(*) - Very popular,(RT) - 'Raunchy Types' - usually downtow-type establishments  - can mean 'rent or commecial'",Bars/Clubs,8/30/2019 11:35am,9/7/2019 1:20pm,1971
190,Mail Box,Found,checked,,"33.773697,-84.367205",,location for 600 Ponce de Leon.,Atlanta,GA,,Bars/Clubs,8/30/2019 11:35am,9/7/2019 1:20pm,1971
196,Novelty Bar,General City Coordinates Used,checked,,"32.000215,-80.845666",,,Savannah Beach,GA,(M) - Mixed Crowds,Bars/Clubs,8/30/2019 4:07pm,9/7/2019 1:20pm,1971
193,Wit's End,General City Coordinates Used,checked,(Gone with the Wit's) (downstairs bar only),"33.748995,-84.387982",,,Atlanta,GA,"(M) - Mixed Crowds,(PE) - Pretty elegant - jacket & tie may be required",Bars/Clubs,8/30/2019 11:35am,9/7/2019 1:20pm,1971
188,Alibi Lounge,Found,checked,Dinkler Plaza Hotel," 33.75686,-84.389066",,,Atlanta,GA,(PE) - Pretty elegant - jacket & tie may be required,"Hotels,Bars/Clubs",8/30/2019 11:35am,9/7/2019 1:20pm,1971
189,Chuck's Rathskeller,Found,checked,Georgian Terrace Hotel,"33.772258,-84.384925",,,Atlanta,GA,"(YC) - Young and/or collegiate types,(*) - Very popular","Hotels,Bars/Clubs",8/30/2019 11:35am,9/7/2019 1:20pm,1971
197,Port Royal East,General City Coordinates Used,checked,,"32.000215,-80.845666",,,Savannah Beach,GA,(M) - Mixed Crowds,Bars/Clubs,8/30/2019 4:07pm,9/7/2019 1:20pm,1971
192,Rathskeller,Found,checked,"(See Chuck's Rathskeller)
","33.772258,-84.384925",,,Atlanta,GA,"(YC) - Young and/or collegiate types,(*) - Very popular",Bars/Clubs,8/30/2019 11:35am,9/7/2019 1:20pm,1971
262,Novelty Bar,General City Coordinates Used,checked,inquire locally,"32.000215,-80.845666",,,Savannah Beach,GA,(M) - Mixed Crowds,Bars/Clubs,8/13/2019 1:41pm,9/7/2019 1:24pm,1969
258,Maid's Quarters,Found,checked,,"33.775947,-84.381447",,,Atlanta,GA,(M) - Mixed Crowds,Restaurant,8/13/2019 1:41pm,9/7/2019 1:24pm,1969
257,La Cuisine,General City Coordinates Used,checked,inquire locally,"33.748995,-84.387982",,,Atlanta,GA,"(D) - Dancing,""(C) - Coffee, soft drinks and sometimes snacks""",Bars/Clubs,8/13/2019 1:41pm,9/7/2019 1:24pm,1969
259,Petite Lounge,Found,checked,Dinkler Plaza Hotel," 33.75686,-84.389066",,,Atlanta,GA,"(M) - Mixed Crowds,(PE) - Pretty elegant - jacket & tie may be required",Bars/Clubs,8/13/2019 1:41pm,9/7/2019 1:33pm,1969
263,Port Royal East,General City Coordinates Used,checked,,"32.000215,-80.845666",,,Savannah Beach,GA,(M) - Mixed Crowds,Bars/Clubs,8/13/2019 1:41pm,9/7/2019 1:24pm,1969
261,Purple Tree,Found,checked,"Manager Hotel
","32.07949,-81.091153",,,Savannah,GA,(M) - Mixed Crowds,Bars/Clubs,8/13/2019 1:41pm,9/7/2019 1:33pm,1969
264,Riptide,General City Coordinates Used,checked,inquire locally,"32.000215,-80.845666",,,Savannah Beach,GA,(M) - Mixed Crowds,Bars/Clubs,8/13/2019 1:41pm,9/7/2019 1:24pm,1969
260,Fiesta Lounge,General City Coordinates Used,checked,,"32.460976,-84.987709",,,Columbus,GA,(*) - Very popular,Bars/Clubs,8/13/2019 1:41pm,9/7/2019 1:24pm,1969
297,Petite Lounge,Found,checked,"Dinkler Plaza Hotel
"," 33.75686,-84.389066",,,Atlanta,GA,"(M) - Mixed Crowds,(PE) - Pretty elegant - jacket & tie may be required","Bars/Clubs,Hotels",8/19/2019 12:23am,9/7/2019 1:31pm,1968
342,Petite Lounge,Found,checked,"Dinkler Plaza Hotel

"," 33.75686,-84.389066",,,Atlanta,GA,"(M) - Mixed Crowds,(PE) - Pretty elegant - jacket & tie may be required","Bars/Clubs,Hotels",8/12/2019 10:30am,9/7/2019 1:30pm,1966
374,Petite Lounge,Found,checked,Dinkler Plaza Hotel," 33.75686,-84.389066",,,Atlanta,GA,(M) - Mixed Crowds,Bars/Clubs,8/13/2019 11:23pm,9/7/2019 1:30pm,1965
83,Rig 32,General City Coordinates Used,checked,," 30.226595,-93.217376",,,Lake Charles,LA,(*) - Very popular,Bars/Clubs,9/7/2019 10:13am,9/7/2019 1:18pm,1974
90,"St. Chrles Ave., 3000-5000 blks",Found,checked,,"29.929106,-90.088505",,address for 3000 st charles ave.,New Orleans,LA,Cruisy Area,Cruising Areas,9/7/2019 10:33am,9/7/2019 1:18pm,1974
71,Audibon Park,Found,checked,,"29.925597,-90.12865",,,New Orleans,LA,Cruisy Area,Cruising Areas,9/5/2019 2:12pm,9/7/2019 1:18pm,1974
91,City Park,Found,checked,,"30.000032,-90.095706",,,New Orleans,LA,Cruisy Area,Cruising Areas,9/7/2019 10:33am,9/7/2019 1:18pm,1974
82,Den Again,Found,checked,(new tel: 912-9420),"30.465971,-91.111799",,Location for the center of Woodale Ct.,Baton Rouge,LA,"(YC) - Young and/or collegiate types,(D) - Dancing,(*) - Very popular,""(G) - Girls, but seldom exclusively""",Bars/Clubs,9/7/2019 10:13am,9/7/2019 1:18pm,1974
89,Viewux Carre (French Quarter),Discuss/Question,checked,"Anywhere anytime, but especially Bourbon St. btwn St. Ann & Ursulines, and Royal St. 'Promenade' betw. Canal & St. Phillip Sts.","29.951066,-90.071532",,Should this be two locations?,New Orleans,LA,Cruisy Area,Cruising Areas,9/7/2019 10:33am,9/7/2019 1:18pm,1974
86,Marriott Hotel Snack Bar,Found,checked,(late),"29.952669,-90.068112",,,New Orleans,LA,"(M) - Mixed Crowds,""(R) - Restaurant, usually serving dinner. A '*' after this symbol does not necessarily indicate quality of food served, but popularity of the place. ""","Hotels,Restaurant",9/7/2019 10:13am,9/7/2019 1:18pm,1974
87,Touche Lounge,Found,checked,(afternoon & thru cocktail hour) Royal New Orleans Hotel,"29.956427,-90.066177",,,New Orleans,LA,"(M) - Mixed Crowds,(PE) - Pretty elegant - jacket & tie may be required",Bars/Clubs,9/7/2019 10:13am,9/7/2019 1:18pm,1974
88,Rampart St. 'Hitchhikers',Discuss/Question,checked,,"29.951066,-90.071532",,Do we want to just pick a spot in the center of this street? or use general coordiantes for NOLA?,New Orleans,LA,Cruisy Area,Cruising Areas,9/7/2019 10:33am,9/7/2019 1:18pm,1974
85,Downtown Bus Terminal,General City Coordinates Used,checked,,"30.456325,-91.185706",,"Location for ""Downtown Baton Rouge""",Baton Rouge,LA,Cruisy Area,Cruising Areas,9/7/2019 10:13am,9/7/2019 1:18pm,1974
81,Chez Giselle,General City Coordinates Used,checked,,"30.22409,-92.019843",,,Lafayette,LA,"(YC) - Young and/or collegiate types,(D) - Dancing,""(G) - Girls, but seldom exclusively"",(*) - Very popular",Bars/Clubs,9/7/2019 10:13am,9/7/2019 1:18pm,1974
75,Holiday Inn Bar,Found,checked,,"31.314317,-92.476354",,,Alexandria,LA,(M) - Mixed Crowds,"Hotels,Bars/Clubs",9/5/2019 2:39pm,9/7/2019 1:18pm,1974
84,Cafe du Monde ,Found,checked,"(touristy & 'plain clothes' cops, but a 'must' for morning coffee and doughnuts)","29.957604,-90.061769",,,New Orleans,LA,(M) - Mixed Crowds,Bars/Clubs,9/7/2019 10:13am,9/7/2019 1:18pm,1974
203,Pink Powder Puff,General City Coordinates Used,checked,,"29.951066,-90.071532 ",,,New Orleans,LA,(S) - Shows - impersonators or record pantomime acts - often touristy,Bars/Clubs,8/30/2019 4:07pm,9/7/2019 1:20pm,1971
201,Terry's Lounge,General City Coordinates Used,checked,," 30.226595,-93.217376",,,Lake Charles,LA,(M) - Mixed Crowds,Bars/Clubs,8/30/2019 4:07pm,9/7/2019 1:20pm,1971
202,Burgandy Bar,Found,checked,,"29.959813,-90.067471",,,New Orleans,LA,(M) - Mixed Crowds,Bars/Clubs,8/30/2019 4:07pm,9/7/2019 1:20pm,1971
200,Rig 32,General City Coordinates Used,checked,," 30.226595,-93.217376",,,Lake Charles,LA,,Bars/Clubs,8/30/2019 4:07pm,9/7/2019 1:20pm,1971
265,Mirror Room,Found,checked,,"30.449322,-91.188255",,,Baton Rouge,LA,(*) - Very popular,Bars/Clubs,8/13/2019 1:41pm,9/7/2019 1:33pm,1969
298,Mirror Room,Found,checked,,"30.449322,-91.188255",,,Baton Rouge,LA,,Bars/Clubs,8/19/2019 12:23am,9/7/2019 1:31pm,1968
343,Mirror Room,Found,checked,,"30.449322,-91.188255",,,Baton Rouge,LA,(*) - Very popular,Bars/Clubs,8/12/2019 10:40am,9/7/2019 1:30pm,1966
375,Mirror Room,Found,checked,,"30.449322,-91.188255",,,Baton Rouge,LA,(*) - Very popular,Bars/Clubs,8/13/2019 11:23pm,9/7/2019 1:30pm,1965
110,Murphy Hall - basement,Found,checked,University of No. Carolina,"35.910732,-79.049631",,,Chapel Hill,NC,Cruisy Area,Cruising Areas,9/7/2019 10:46am,9/7/2019 1:18pm,1974
102,Horne's Motel Bar,Found,checked,,"35.587835,-82.527871",,Approximate location. See http://www.highwayhost.org/Hornes/Locations/NorthCarolina/Asheville/asheville1.htm for images of the hotel from postcards and brochures.,Asheville,NC,(M) - Mixed Crowds,"Bars/Clubs,Hotels",9/7/2019 10:46am,9/7/2019 1:18pm,1974
103,Club Charlotte Baths,,checked,,"32.335394,-90.282972",,,Chapel Hill,NC,(*) - Very popular,Baths,9/7/2019 10:46am,9/7/2019 1:18pm,1974
105,"Commerce Pl. betw. Greene & Eugene, off Friendly Ave.",Found,checked,,"36.074157,-79.792452",,,Greensboro,NC,Cruisy Area,Cruising Areas,9/7/2019 10:46am,9/7/2019 1:18pm,1974
107,Trailsways Bus Depot,General City Coordinates Used,checked,,"35.052664,-78.878358",,,Fayetteville,NC,Cruisy Area,Cruising Areas,9/7/2019 10:46am,9/7/2019 1:18pm,1974
104,Duke's Tavern,Found,checked,Durham Hotel & Motel (use side entrance or thru lobby),"35.996949,-78.901708",,,Durham,NC,,"Bars/Clubs,Hotels",9/7/2019 10:46am,9/7/2019 1:18pm,1974
106,Wit's End ,General City Coordinates Used,checked,,"34.208504,-77.796371",,,Wrightsville Beach,NC,(M) - Mixed Crowds,Bars/Clubs,9/7/2019 10:46am,9/7/2019 1:18pm,1974
210,Duke's Tavern,Found,checked,(Jack Tar Hotel - use side entrance),"35.996949,-78.901708",,,Durham,NC,,"Hotels,Bars/Clubs",8/30/2019 4:07pm,9/7/2019 1:20pm,1971
211,Wit's End,General City Coordinates Used,checked,,"34.208504,-77.796371",,,Wrightsville Beach,NC,,Bars/Clubs,8/30/2019 4:07pm,9/7/2019 1:20pm,1971
206,Endicott Club,General City Coordinates Used,checked,,"35.994033,-78.898619",,,Durham,NC,(P) - Private club - Inquire locally to admission,Bars/Clubs,8/30/2019 4:07pm,9/7/2019 1:20pm,1971
207,Honey's Brass Rail,,checked,,"35.220936,-80.85121",,,Charlotte,NC,(*) - Very popular,Bars/Clubs,8/30/2019 4:07pm,9/7/2019 1:20pm,1971
209,Garden Lounge,General City Coordinates Used,checked,,"35.612661,-77.366354 ",,,Greenville,NC,"(P) - Private club - Inquire locally to admission,(D) - Dancing,(*) - Very popular",Bars/Clubs,8/30/2019 4:07pm,9/7/2019 1:20pm,1971
213,Club One-O-Two,Found,checked,,"34.233458,-77.948611 ",,,Wilmington,NC,(*) - Very popular,Bars/Clubs,8/30/2019 4:07pm,9/7/2019 1:20pm,1971
273,Wit's End,Found,checked,Wrightsville Beach,"34.208504,-77.796371",,,Wilmington,NC,,Bars/Clubs,8/13/2019 2:05pm,9/7/2019 1:24pm,1969
272,Duke's Tavern Jack Tar Hotel,Found,checked,(use side entrance),"35.996949,-78.901708",,,Durham,NC,,Bars/Clubs,8/13/2019 2:05pm,9/7/2019 1:33pm,1969
275,Continental Rt 7,General City Coordinates Used,checked,,"42.002876,-71.514784",,,Woonsocket,NC,,Bars/Clubs,8/13/2019 2:05pm,9/7/2019 1:24pm,1969
271,Honey's Brass Rail,,checked,,"35.220936,-80.85121",,,Charlotte,NC,(*) - Very popular,Bars/Clubs,8/13/2019 2:05pm,9/7/2019 1:33pm,1969
300,Wits End ,Found,checked,,"34.208504,-77.796371",,,Wilmington,NC,,Bars/Clubs,8/22/2019 4:07am,9/7/2019 1:23pm,1968
299,Duke's Tavern,Found,checked,Jack Tar Hotel,"35.996949,-78.901708",,,Durham,NC,(M) - Mixed Crowds,"Bars/Clubs,Hotels",8/22/2019 4:07am,9/7/2019 1:31pm,1968
347,Duke's Tavern ,Found,checked,"Jack Tar Hotel
","35.996949,-78.901708",,,Durham,NC,(M) - Mixed Crowds,"Bars/Clubs,Hotels",8/13/2019 9:37am,9/7/2019 1:30pm,1966
348,Wits End ,Found,checked,,"34.208504,-77.796371",,,Wilmington,NC,,Bars/Clubs,8/13/2019 9:37am,9/7/2019 1:22pm,1966
381,Dukes Tavern,Found,checked,Jack Tar Hotel,"35.996949,-78.901708",,,Durham,NC,(M) - Mixed Crowds,Bars/Clubs,8/14/2019 12:41am,9/7/2019 1:30pm,1965
120,Whitepoint Gardens,Found,checked,,"32.769936,-79.930361",,,Charleston,SC,Cruisy Area,Cruising Areas,9/7/2019 11:27am,9/7/2019 1:18pm,1974
121,The Battery,Found,checked,,"32.76928,-79.92885 ",,,Charleston,SC,Cruisy Area,Cruising Areas,9/7/2019 11:27am,9/7/2019 1:18pm,1974
111,Holiday Inn Bar,Found,checked,,"34.229128,-79.799604",,Coordinates for the jct of 52 & I-95. ,Florence,SC,(M) - Mixed Crowds,"Hotels,Bars/Clubs",9/7/2019 11:27am,9/7/2019 1:18pm,1974
114,Patio,General City Coordinates Used,checked,"(may be closing)
","34.852618,-82.39401",,,Greenville,SC,,Bars/Clubs,9/7/2019 11:27am,9/7/2019 1:18pm,1974
118,'Primrose Path' - Senate St nr. the Capitol,General City Coordinates Used,checked,,"34.00071,-81.034814",,,Columbia,SC,Cruisy Area,Cruising Areas,9/7/2019 11:27am,9/7/2019 1:18pm,1974
112,Main St. Parking Lot,General City Coordinates Used,checked,,"34.1954,-82.161788",,,Greenwood,SC,Cruisy Area,Cruising Areas,9/7/2019 11:27am,9/7/2019 1:18pm,1974
116,'The Pavilion' - Ocean Beach,Found,checked,very good during summer,"33.692441,-78.881687",,,Myrtle Beach,SC,Cruisy Area,Cruising Areas,9/7/2019 11:27am,9/7/2019 1:18pm,1974
117,Truck stops along I-95,General City Coordinates Used,checked,,"35.052664,-78.878358",,,Fayetteville,SC,Cruisy Area,Cruising Areas,9/7/2019 11:27am,9/7/2019 1:18pm,1974
108,Midnight Sun,General City Coordinates Used,checked,"(nest to Coffee Cup)
","32.776475,-79.931051",,,Charleston,SC,,Bars/Clubs,9/7/2019 10:46am,9/7/2019 1:18pm,1974
115,Ramada Inn Bar,Found,checked,,"34.229221,-79.795794 ",,Hotel still exists. ,Florence,SC,(M) - Mixed Crowds,"Hotels,Bars/Clubs",9/7/2019 11:27am,9/7/2019 1:18pm,1974
119,Russel House - Univ of SC,Found,checked,,"33.996645,-81.026995",,,Columbia,SC,Cruisy Area,Cruising Areas,9/7/2019 11:27am,9/7/2019 1:18pm,1974
113,South of the Border Motel,Found,checked,,"34.499623,-79.307758",,,Dillon,SC,(M) - Mixed Crowds,"Hotels,Bars/Clubs",9/7/2019 11:27am,9/7/2019 1:18pm,1974
109,Coffee Cup,General City Coordinates Used,checked,(after hours),"32.776475,-79.931051",,,Charleston,SC,"(M) - Mixed Crowds,""(R) - Restaurant, usually serving dinner. A '*' after this symbol does not necessarily indicate quality of food served, but popularity of the place. "",""(C) - Coffee, soft drinks and sometimes snacks""",Restaurant,9/7/2019 10:46am,9/7/2019 1:18pm,1974
214,Pat's Lounge,Found,checked,"(not bar at corner, but thru back door in adjoining cafe)","32.780578,-79.933222",,,Charleston,SC,(M) - Mixed Crowds,Bars/Clubs,8/30/2019 4:07pm,9/7/2019 1:20pm,1971
216,R & H Lounge,Found,checked,,"34.859022,-82.404851",,,Greenville,SC,(*) - Very popular,Bars/Clubs,8/30/2019 4:07pm,9/7/2019 1:20pm,1971
215,Limelight Hotel,General City Coordinates Used,checked,(bar is on 3rd floor),"33.68906,-78.886694",,,Myrtle Beach,SC,,"Hotels,Bars/Clubs",8/30/2019 4:07pm,9/7/2019 1:20pm,1971
212,Frenchie's,General City Coordinates Used,checked,(Gal Paree),"34.00071,-81.034814",,,Columbia,SC,"(P) - Private club - Inquire locally to admission,(D) - Dancing",Bars/Clubs,8/30/2019 4:07pm,9/7/2019 1:20pm,1971
276,New Yorker,Found,checked,,"32.780578,-79.933222",,,Charleston,SC,(*) - Very popular,Bars/Clubs,8/13/2019 2:05pm,9/7/2019 1:24pm,1969
301,Forty-Nine Club,General City Coordinates Used,checked,(Inquire locally),"32.776475,-79.931051",,,Charleston,SC,,Bars/Clubs,8/22/2019 4:07am,9/7/2019 1:23pm,1968
302,New Yorker,Found,checked,,"32.780578,-79.933222",,,Charleston,SC,(*) - Very popular,Bars/Clubs,8/22/2019 4:07am,9/7/2019 1:23pm,1968
349,New Yorker,Found,checked,,"32.780578,-79.933222",,,Charleston,SC,(*) - Very popular,Bars/Clubs,8/13/2019 9:37am,9/7/2019 1:22pm,1966
382,New Yorker,Found,checked,,"32.780578,-79.933222",,,Charleston,SC,(*) - Very popular,Bars/Clubs,8/14/2019 12:41am,9/7/2019 1:21pm,1965
130,Court House Square,Found,checked,,"35.613877,-88.81886",,,Jackson,TN,Cruisy Area,Cruising Areas,9/7/2019 11:27am,9/7/2019 1:18pm,1974
129,Riverside Park,Found,checked,,"35.136067,-90.063676",,,Memphis,TN,Cruisy Area,Cruising Areas,9/7/2019 11:27am,9/7/2019 1:18pm,1974
123,Hideaway,Found,checked,,"35.960638,-83.920739",,,Knoxville,TN,,Bars/Clubs,9/7/2019 11:27am,9/7/2019 1:18pm,1974
127,Overton Park,Found,checked,,"35.14619,-89.988516",,,Memphis,TN,Cruisy Area,Cruising Areas,9/7/2019 11:27am,9/7/2019 1:18pm,1974
122,Holiday Inn Lounge,Found,checked,," 35.662987,-88.85593",,,Jackson,TN,(M) - Mixed Crowds,"Hotels,Bars/Clubs",9/7/2019 11:27am,9/7/2019 1:18pm,1974
217,New Southern Hotel Bar,Found,checked,,"35.613434,-88.818271",,,Jackson,TN,(M) - Mixed Crowds,"Bars/Clubs,Hotels",8/31/2019 12:50pm,9/7/2019 1:28pm,1971
218,Hideaway,Found,checked,,"35.960638,-83.920739",,,Knoxville,TN,,Bars/Clubs,8/31/2019 12:50pm,9/7/2019 1:20pm,1971
277,Read House Tavern,Found,checked,,"35.04555,-85.31041",,9th street was renamed Martin Luther King Blvd in 1981.,Chattanooga,TN,,Bars/Clubs,8/13/2019 2:05pm,9/7/2019 1:33pm,1969
278,New Southern Hotel Bar,Found,checked,,"35.613434,-88.818271",,,Jackson,TN,(M) - Mixed Crowds,Bars/Clubs,8/13/2019 2:05pm,9/7/2019 1:33pm,1969
306,French Quarter,Found,checked,"(Weekends, after hours) (Basement)","35.143579,-90.05491",,,Memphis,TN,(*) - Very popular,Bars/Clubs,8/22/2019 4:07am,9/7/2019 1:31pm,1968
305,New Southern Hotel Bar,Found,checked,,"35.613434,-88.818271",,,Jackson,TN,(M) - Mixed Crowds,"Bars/Clubs,Hotels",8/22/2019 4:07am,9/7/2019 1:31pm,1968
304,Ambassador ,General City Coordinates Used,checked,"(20 miles north of Memphis near Millington-you must have member introduce you. On Hwy 51)
","35.149534,-90.04898",,,Memphis,TN,"(D) - Dancing,(P) - Private club - Inquire locally to admission,(*) - Very popular",Bars/Clubs,8/22/2019 4:07am,9/7/2019 1:23pm,1968
307,Oasis,Found,checked,Tennessee Hotel," 35.14253,-90.051117",,3rd renamed S.B.B. King Blvd in 2015.,Memphis,TN,"(M) - Mixed Crowds,(RT) - 'Raunchy types' - downtown type places - often hustlers","Bars/Clubs,Hotels",8/22/2019 4:07am,9/7/2019 1:31pm,1968
303,Read House Tavern,Found,checked,,"35.04555,-85.31041",,9th street was renamed Martin Luther King Blvd in 1981.,Chattanooga,TN,,Bars/Clubs,8/22/2019 4:07am,9/7/2019 1:31pm,1968
353,Oasis,Found,checked,Tennessee Hotel," 35.14253,-90.051117",,3rd renamed S.B.B. King Blvd in 2015.,Memphis,TN,"(M) - Mixed Crowds,(RT) - 'Raunchy types' - downtown type places - often hustlers","Bars/Clubs,Hotels",8/13/2019 9:48am,9/7/2019 1:30pm,1966
351,New Southern Liberty Hotel Bar,Found,checked,,"35.613434,-88.818271",,,Jackson,TN,(M) - Mixed Crowds,"Bars/Clubs,Hotels",8/13/2019 9:48am,9/7/2019 1:30pm,1966
352,French Quarter,Found,checked,"(weekends - after hours) (basement)
","35.143579,-90.05491",,,Memphis,TN,(*) - Very popular,Bars/Clubs,8/13/2019 9:48am,9/7/2019 1:30pm,1966
350,Read House Tavern,Found,checked,,"35.04555,-85.31041",,9th street was renamed Martin Luther King Blvd in 1981.,Chattanooga,TN,,Bars/Clubs,8/13/2019 9:48am,9/7/2019 1:30pm,1966
384,New Southern Hotel Bar,Found,checked,,"35.613434,-88.818271",,,Jackson,TN,,Bars/Clubs,8/14/2019 1:03am,9/7/2019 1:30pm,1965
383,Read House Tavern,Found,checked,,"35.04555,-85.31041",,9th street was renamed Martin Luther King Blvd in 1981.,Chattanooga,TN,,Bars/Clubs,8/14/2019 1:03am,9/7/2019 1:30pm,1965
385,Frank's Shobar,Found,checked,,"35.135979,-90.020704",,,Memphis,TN,,Bars/Clubs,8/14/2019 1:03am,9/7/2019 1:30pm,1965
386,Oasis,Found,checked,," 35.14253,-90.051117",,3rd renamed S.B.B. King Blvd in 2015.,Memphis,TN,"(M) - Mixed Crowds,(RT) - 'Raunchy types' - downtown type places - often hustlers",Bars/Clubs,8/14/2019 1:03am,9/7/2019 1:21pm,1965
126,Area nr. Greyhound Depot,General City Coordinates Used,checked,,"32.776664,-96.796988",,,Dallas,TX,Cruisy Area,Cruising Areas,9/7/2019 11:27am,9/7/2019 1:18pm,1974
151,Our Place,General City Coordinates Used,checked,,"30.080174,-94.126556",,,Beaumont,TX,"(YC) - Young and/or collegiate types,(*) - Very popular",Bars/Clubs,9/7/2019 11:49am,9/7/2019 1:18pm,1974
148,Travis Park,Found,checked,,"29.428115,-98.489147",,,San Antonio,TX,Cruisy Area,Cruising Areas,9/7/2019 11:49am,9/7/2019 1:18pm,1974
145,Vicinity of Both Bus Depots,General City Coordinates Used,checked,,"29.760427,-95.369803",,,Houston,TX,Cruisy Area,Cruising Areas,9/7/2019 11:49am,9/7/2019 1:18pm,1974
133,Reverchon Park,Found,checked,,"32.801702,-96.812522",,,Dallas,TX,Cruisy Area,Cruising Areas,9/7/2019 11:49am,9/7/2019 1:18pm,1974
161,Tap Room,Found,checked,Gunter Hotel,"29.427665,-98.491363",,,San Antonio,TX,(M) - Mixed Crowds,"Bars/Clubs,Hotels",9/7/2019 12:27pm,9/7/2019 1:18pm,1974
136,Mid Continent Truck Stop -- on Big Town Blvd. off I-20 just E. of I-30,Found,checked,,"32.797768,-96.667529",,approximate location based off description,Dallas,TX,Cruisy Area,Cruising Areas,9/7/2019 11:49am,9/7/2019 1:18pm,1974
131,Lee Park,Found,checked,,"32.808458,-96.803405",,Was renamed in 2019 to Turtle Creek Park.,Dallas,TX,Cruisy Area,Cruising Areas,9/7/2019 11:27am,9/7/2019 1:18pm,1974
143,San Jacinto Plaza,Found,checked,,"31.759619,-106.488522",,,El Paso,TX,Cruisy Area,Cruising Areas,9/7/2019 11:49am,9/7/2019 1:18pm,1974
157,Rendezvous,General City Coordinates Used,checked,,"26.203407,-98.230012",,,McAllen,TX,,Bars/Clubs,9/7/2019 12:27pm,9/7/2019 1:18pm,1974
155,Living Room,Found,checked,," 29.749091,-95.410693",,,Houston,TX,(M) - Mixed Crowds,Bars/Clubs,9/7/2019 11:49am,9/7/2019 1:18pm,1974
139,McKelligon Canyon Park off Alabama St.,Found,checked,,"31.843723,-106.491337",,,El Paso,TX,Cruisy Area,Cruising Areas,9/7/2019 11:49am,9/7/2019 1:18pm,1974
152,Midway Park,Found,checked,,"31.524328,-97.225013",,,Waco,TX,Cruisy Area,Cruising Areas,9/7/2019 11:49am,9/7/2019 1:18pm,1974
147,Cameron Park,Found,checked,,"31.583658,-97.156257",,,Waco,TX,Cruisy Area,Cruising Areas,9/7/2019 11:49am,9/7/2019 1:18pm,1974
138,Bell & Main,Found,checked,,"29.753193,-95.367828",,,Houston,TX,Cruisy Area,Cruising Areas,9/7/2019 11:49am,9/7/2019 1:18pm,1974
156,Cowhouse Motor Hotel Bar,Found,checked,,"31.122735,-97.727034",,,Killeen,TX,(M) - Mixed Crowds,"Hotels,Bars/Clubs",9/7/2019 12:27pm,9/7/2019 1:18pm,1974
149,Memorial Park,Found,checked,,"29.77707,-95.435493",,,Houston,TX,Cruisy Area,Cruising Areas,9/7/2019 11:49am,9/7/2019 1:18pm,1974
137,"Benbrook Lake, off U.S. 377 S.W. of Ft. Worth",Found,checked,,"32.628733,-97.467888",,,Ft. Worth,TX,Cruisy Area,Cruising Areas,9/7/2019 11:49am,9/7/2019 1:18pm,1974
154,Stewart Beach,Found,checked,,"29.304443,-94.770299",,,Galveston,TX,Cruisy Area,Cruising Areas,9/7/2019 11:49am,9/7/2019 1:18pm,1974
141,Westheimer & Lovett betw. Montrose & Mason,Found,checked,,"29.743832,-95.388597",,approximate.,Houston,TX,Cruisy Area,Cruising Areas,9/7/2019 11:49am,9/7/2019 1:18pm,1974
135,'Queens Point' - Lake Dallas,General City Coordinates Used,checked,,"33.119288,-97.025564",,,Dallas,TX,Cruisy Area,Cruising Areas,9/7/2019 11:49am,9/7/2019 1:18pm,1974
164,Happy Chef,Found,checked,,"31.55039,-97.139111",,,Waco,TX,"(M) - Mixed Crowds,""(R) - Restaurant, usually serving dinner. A '*' after this symbol does not necessarily indicate quality of food served, but popularity of the place. "",""(C) - Coffee, soft drinks and sometimes snacks""",Restaurant,9/7/2019 12:27pm,9/7/2019 1:18pm,1974
132,'Homo Heights' - Oaklawn & Lemmon,Found,checked,,"32.811931,-96.805542",,,Dallas,TX,Cruisy Area,Cruising Areas,9/7/2019 11:27am,9/7/2019 1:18pm,1974
125,'Pete's on the Drag' -- cars in front of campus,Found,checked,,"30.288467,-97.74201",,,Austin,TX,Cruisy Area,Cruising Areas,9/7/2019 11:27am,9/7/2019 1:18pm,1974
159,Gay Silhouette,Found,checked,(Latins),"29.446992,-98.541804",,,San Antonio,TX,"(RT) - 'Raunchy types' - downtown type places - often hustlers,(HIP) - Heads frequent",Bars/Clubs,9/7/2019 12:27pm,9/7/2019 1:18pm,1974
160,Safari,General City Coordinates Used,checked,,"29.424122,-98.493628",,,San Antonio,TX,"(HIP) - Heads frequent,(RT) - 'Raunchy types' - downtown type places - often hustlers",Bars/Clubs,9/7/2019 12:27pm,9/7/2019 1:18pm,1974
150,Olmas Park,Found,checked,,"29.478842,-98.487517",,"Appears to be a neighborhood, not an actual park. ",San Antonio,TX,Cruisy Area,Cruising Areas,9/7/2019 11:49am,9/7/2019 1:18pm,1974
134,White Rock Lake,Found,checked,,"32.836349,-96.714399",,,Dallas,TX,Cruisy Area,Cruising Areas,9/7/2019 11:49am,9/7/2019 1:18pm,1974
158,California Bar,Found,checked,(2 blocks from International Bridge on Matamores betw. Gral Bravo & Victoria in Nuevo Laredo Mexico),"27.497042,-99.508038",,,Laredo,TX,,Bars/Clubs,9/7/2019 12:27pm,9/7/2019 1:18pm,1974
146,Brackenridge Park - behind Trinity University,Found,checked,,"29.46181,-98.473758",,,San Antonio,TX,Cruisy Area,Cruising Areas,9/7/2019 11:49am,9/7/2019 1:18pm,1974
124,Mostly by car around Filmore & E. 10th St.,Found,checked,,"35.203212,-101.835334",,,Amarillo,TX,Cruisy Area,Cruising Areas,9/7/2019 11:27am,9/7/2019 1:18pm,1974
140,Forest Park- W. 7th & Univ Dr.,Found,checked,,"32.751047,-97.361603",,Approximated to be where grassy/park area is near Modern Art Museum of Ft. Worth. ,Ft. Worth,TX,Cruisy Area,Cruising Areas,9/7/2019 11:49am,9/7/2019 1:18pm,1974
153,Chubby's,Found,checked,(after hours),"32.721098,-96.831731",,,Dallas,TX,"(M) - Mixed Crowds,""(R) - Restaurant, usually serving dinner. A '*' after this symbol does not necessarily indicate quality of food served, but popularity of the place. "",""(C) - Coffee, soft drinks and sometimes snacks""",Restaurant,9/7/2019 11:49am,9/7/2019 1:18pm,1974
142,Stewart Beach,Found,checked,,"29.304443,-94.770299",,,Galveston,TX,Cruisy Area,Cruising Areas,9/7/2019 11:49am,9/7/2019 1:18pm,1974
144,The Levee on Rio Grande River (best Sundays),General City Coordinates Used,checked,,"31.761878,-106.485022 ",,,El Paso,TX,Cruisy Area,Cruising Areas,9/7/2019 11:49am,9/7/2019 1:18pm,1974
128,Pease Park -- footpath off Lamar betw. 16th & 24th,Found,checked,,"30.28142,-97.751673",,,Austin,TX,Cruisy Area,Cruising Areas,9/7/2019 11:27am,9/7/2019 1:18pm,1974
225,Dot's,General City Coordinates Used,checked,,"29.760427,-95.369803",,,Houston,TX,"(M) - Mixed Crowds,""(C) - Coffee, soft drinks and sometimes food -- usually open late after bars have closed""",Bars/Clubs,8/31/2019 1:17pm,9/7/2019 1:20pm,1971
224,Cabaret,General City Coordinates Used,checked,,"29.760427,-95.369803",,,Houston,TX,"(P) - Private club - Inquire locally to admission,(D) - Dancing",Bars/Clubs,8/31/2019 1:17pm,9/7/2019 1:20pm,1971
226,Ladies' Lounge,General City Coordinates Used,checked,"(Also across the border in Renosa, Mexico are supposed to be the Ladies Lounge & Lion's Den. Inquire locally.)","26.050841,-98.297895",,"In mexico, general cities coordinates used.",McAllen,TX,,Bars/Clubs,8/31/2019 1:17pm,9/7/2019 1:20pm,1971
232,Tap Room,Found,checked,Gunter Hotel,"29.427107,-98.485315 ",,approximate,San Antonio,TX,(*) - Very popular,"Hotels,Bars/Clubs",8/31/2019 1:17pm,9/7/2019 1:20pm,1971
230,Ponderosa,General City Coordinates Used,checked,,"29.424122,-98.493628",,,San Antonio,TX,(RT) - 'Raunchy Types' - usually downtow-type establishments  - can mean 'rent or commecial',Bars/Clubs,8/31/2019 1:17pm,9/7/2019 1:20pm,1971
227,The Lion's Den,General City Coordinates Used,checked,"(Also across the border in Renosa, Mexico are supposed to be the Ladies Lounge & Lion's Den. Inquire locally.)","26.050841,-98.297895",,"In mexico, general city coordinates used.",McAllen,TX,,Bars/Clubs,8/31/2019 1:17pm,9/7/2019 1:20pm,1971
223,Noa Noa Club,Found,checked,"(4 blcks. S. of Santa Fe Bridge on Ave. Juarez in Ciudad Juarez, Mexico)","31.743985,-106.485913",,approximate location -- it could be one block further up.,El Paso,TX,"(M) - Mixed Crowds,(RT) - 'Raunchy Types' - usually downtow-type establishments  - can mean 'rent or commecial'",Bars/Clubs,8/31/2019 1:13pm,9/7/2019 1:20pm,1971
222,Diadmond Lil Club,Found,checked,"(open till 2am, after others close, some (G) )","31.780493,-106.461822",,,El Paso,TX,(*) - Very popular,Bars/Clubs,8/31/2019 12:50pm,9/7/2019 1:20pm,1971
221,Highlander,Found,checked,,"32.826478,-96.783243 ",,,Dallas,TX,"""(G) - Girls, but rarely exclusively""",Bars/Clubs,8/31/2019 12:50pm,9/7/2019 1:20pm,1971
219,Golden Eye Lounge,Found,checked,,"30.078963,-94.096961",,,Beaumont,TX,,Bars/Clubs,8/31/2019 12:50pm,9/7/2019 1:20pm,1971
220,Peaches Lounge,General City Coordinates Used,checked,,"30.531315,-96.69303",,,Caldwell,TX,,Bars/Clubs,8/31/2019 12:50pm,9/7/2019 1:20pm,1971
289,Friendly Lounge,General City Coordinates Used,checked,,"26.203407,-98.230012",,,McAllen,TX,,Bars/Clubs,8/13/2019 4:17pm,9/7/2019 1:24pm,1969
280,Red River Lounge,Found,checked,,"30.269303,-97.736154",,,Austin,TX,(*) - Very popular,Bars/Clubs,8/13/2019 3:39pm,9/7/2019 1:33pm,1969
290,Scotty's ,General City Coordinates Used,checked,(inquire locally),"26.203407,-98.230012",,,McAllen,TX,(M) - Mixed Crowds,Bars/Clubs,8/13/2019 4:17pm,9/7/2019 1:24pm,1969
287,Pirates Cove,Found,checked,(after others close),"29.273628,-94.848882 ",,approximate. ,Galveston,TX,(P) - Private club - Inquire locally to admission,Bars/Clubs,8/13/2019 3:44pm,9/7/2019 1:24pm,1969
291,Paul's Grove,General City Coordinates Used,checked,('The Country' WFSS),"29.424122,-98.493628",,"Used coordinates for Helotes, TX. Location is 25 mi out from San Antonio. ",San Antonio,TX,"(*) - Very popular,(P) - Private club - Inquire locally to admission,(D) - Dancing",Bars/Clubs,8/13/2019 4:17pm,9/7/2019 1:24pm,1969
288,Galleria Opera House,Found,checked,(Old Market Sq),"29.762645,-95.362361",,Coordinates for Old Market Sq which Travis st borders. ,Houston,TX,"(PE) - Pretty elegant - jacket & tie may be required,(M) - Mixed Crowds",Bars/Clubs,8/13/2019 4:17pm,9/7/2019 1:24pm,1969
282,Ken's,Found,checked,"(after hours)

","32.806962,-96.797653",,,Dallas,TX,"""(C) - Coffee, soft drinks and sometimes snacks""",Bars/Clubs,8/13/2019 3:44pm,9/7/2019 1:33pm,1969
281,Golden Eye Lounge,Found,checked,,"30.078963,-94.096961",,,Beaumont,TX,,Bars/Clubs,8/13/2019 3:39pm,9/7/2019 1:24pm,1969
283,Tool Box,Found,checked,,"32.784731,-96.796634",,,Dallas,TX,(M) - Mixed Crowds,Bars/Clubs,8/13/2019 3:44pm,9/7/2019 1:33pm,1969
279,Chandelier,General City Coordinates Used,checked,,"30.267153,-97.743061",,,Austin,TX,"(P) - Private club - Inquire locally to admission,(D) - Dancing",Bars/Clubs,8/13/2019 2:05pm,9/7/2019 1:24pm,1969
285,El Toga,General City Coordinates Used,checked,inquire locally ,"32.755488,-97.330766",,,Ft. Worth,TX,"(D) - Dancing,(*) - Very popular",Bars/Clubs,8/13/2019 3:44pm,9/7/2019 1:24pm,1969
286,Hi Ho Gaslight,Found,checked,,"29.297146,-94.803549",,,Galveston,TX,"(D) - Dancing,(P) - Private club - Inquire locally to admission",Bars/Clubs,8/13/2019 3:44pm,9/7/2019 1:33pm,1969
284,Noa Noa Club,Found,checked,"(after midnite when Texas bars close - 4 blocks S of Santa Fe Bridge on Avenida Juarez in Ciudad Juarex, Mexico) ","31.743985,-106.485913",,approximate location -- it could be one block further up.,El Paso,TX,(M) - Mixed Crowds,Bars/Clubs,8/13/2019 3:44pm,9/7/2019 1:24pm,1969
292,Ponderosa,General City Coordinates Used,checked,,"29.424122,-98.493628",,,San Antonio,TX,(RT) - 'Raunchy types' - downtown type places - often hustlers,Bars/Clubs,8/13/2019 4:17pm,9/7/2019 1:24pm,1969
321,Paul's Grove,General City Coordinates Used,checked,(The 'Country' W-F-S-S only) about 25 miles NW near Helotes,"29.424122,-98.493628",,"Used coordinates for Helotes, TX. Location is 25 mi out from San Antonio. ",San Antonio,TX,"(D) - Dancing,(P) - Private club - Inquire locally to admission",Bars/Clubs,8/23/2019 3:49am,9/7/2019 1:23pm,1968
320,New Yorker,Found,checked,,"29.744656,-95.39121",,,Houston,TX,"(D) - Dancing,(P) - Private club - Inquire locally to admission",Bars/Clubs,8/23/2019 3:36am,9/7/2019 1:23pm,1968
317,Surf,Found,checked,,"29.306888,-94.791797 ",,,Galveston,TX,(*) - Very popular,Bars/Clubs,8/23/2019 3:36am,9/7/2019 1:23pm,1968
308,Back Door Lounge,General City Coordinates Used,checked,,"35.221997,-101.831297",,,Amarillo,TX,(*) - Very popular,Bars/Clubs,8/23/2019 3:36am,9/7/2019 1:23pm,1968
312,Tool Box,Found,checked,,"32.784731,-96.796634",,,Dallas,TX,(*) - Very popular,Bars/Clubs,8/23/2019 3:36am,9/7/2019 1:31pm,1968
316,Le Milord,General City Coordinates Used,checked,,"31.761878,-106.485022 ",,,El Paso,TX,,Bars/Clubs,8/23/2019 3:36am,9/7/2019 1:23pm,1968
315,Kinney's ,Found,checked,,"32.845643,-97.360063",,location for 6000 main st. ,Ft. Worth,TX,,Bars/Clubs,8/23/2019 3:36am,9/7/2019 1:23pm,1968
322,Ponderosa,General City Coordinates Used,checked,,"29.424122,-98.493628",,,San Antonio,TX,(RT) - 'Raunchy types' - downtown type places - often hustlers,Bars/Clubs,8/23/2019 3:49am,9/7/2019 1:23pm,1968
313,Noa Noa Club,Found,checked,"(after midnight when Texas bars close) Juarez, Mexico","31.743985,-106.485913",,approximate location -- it could be one block further up.,El Paso,TX,,Bars/Clubs,8/23/2019 3:36am,9/7/2019 1:23pm,1968
311,Ken's,Found,checked,(After hours),"32.806962,-96.797653",,,Dallas,TX,"""(C) - Coffee, soft drinks and sometimes snacks""",Bars/Clubs,8/23/2019 3:36am,9/7/2019 1:31pm,1968
319,Plantation Club,General City Coordinates Used,checked,,"29.760427,-95.369803",,,Houston,TX,(D) - Dancing,Bars/Clubs,8/23/2019 3:36am,9/7/2019 1:23pm,1968
309,Atlantis,Found,checked,,"32.788366,-96.806344",,,Dallas,TX,(*) - Very popular,Bars/Clubs,8/23/2019 3:36am,9/7/2019 1:31pm,1968
318,La Boheme,General City Coordinates Used,checked,,"29.760427,-95.369803",,,Houston,TX,,Bars/Clubs,8/23/2019 3:36am,9/7/2019 1:23pm,1968
314,Circus Room,Found,checked,(behind Plaza Hotel),"31.759132,-106.488225 ",,"Approximate Location for Plaza Hotel -- it isn't clear where ""behind the hotel"" would be. ",El Paso,TX,,Bars/Clubs,8/23/2019 3:36am,9/7/2019 1:23pm,1968
310,Gallery,Found,checked,,"29.565229,-98.336402",,Live Oak is a neighborhood in Dallas.,Dallas,TX,,Bars/Clubs,8/23/2019 3:36am,9/7/2019 1:23pm,1968
361,Gay 90s,Found,checked,," 32.788517,-96.806336 ",,,Dallas,TX,(*) - Very popular,Bars/Clubs,8/13/2019 4:55pm,9/7/2019 1:22pm,1966
363,Clown Room,Found,checked,(behind plaza hotel),"31.759132,-106.488225 ",,"Approximate Location for Plaza Hotel -- it isn't clear where ""behind the hotel"" would be. ",El Paso,TX,(*) - Very popular,Bars/Clubs,8/13/2019 4:55pm,9/7/2019 1:22pm,1966
368,Ponderosa,General City Coordinates Used,checked,,"29.424122,-98.493628",,,San Antonio,TX,(D) - Dancing,Bars/Clubs,8/13/2019 5:04pm,9/7/2019 1:22pm,1966
364,Mr T's,General City Coordinates Used,checked,(across from Pigalle),"31.761878,-106.485022 ",,,El Paso,TX,,Bars/Clubs,8/13/2019 4:55pm,9/7/2019 1:22pm,1966
362,Ken's,Found,checked,(after hours),"32.806962,-96.797653",,,Dallas,TX,"""(C) - Coffee, soft drinks and sometimes snacks""",Bars/Clubs,8/13/2019 4:55pm,9/7/2019 1:30pm,1966
360,Atlantis,Found,checked,,"32.788366,-96.806344",,,Dallas,TX,(*) - Very popular,Bars/Clubs,8/13/2019 4:55pm,9/7/2019 1:30pm,1966
366,Buddha ,General City Coordinates Used,checked,,"29.424122,-98.493628",,,San Antonio,TX,(D) - Dancing,Bars/Clubs,8/13/2019 5:02pm,9/7/2019 1:22pm,1966
367,Paul's Grove (The Country),General City Coordinates Used,checked,weekends,"29.424122,-98.493628",,"Used coordinates for Helotes, TX. Location is 25 mi out from San Antonio. ",San Antonio,TX,"(D) - Dancing,(P) - Private club - Inquire locally to admission",Bars/Clubs,8/13/2019 5:04pm,9/7/2019 1:22pm,1966
365,Plaza Hotel Bar,Found,checked,,"31.759123,-106.488531",,,El Paso,TX,"(M) - Mixed Crowds,(PE) - Pretty elegant - jacket & tie may be required","Bars/Clubs,Hotels",8/13/2019 4:55pm,9/7/2019 1:30pm,1966
388,Numbers,Found,checked,,"32.790752,-96.803589",,,Dallas,TX,"""(G) - Girls, but seldom exclusively"",(*) - Very popular",Bars/Clubs,8/18/2019 11:56pm,9/7/2019 1:30pm,1965
387,Atlantis,Found,checked,,"32.788366,-96.806344",,,Dallas,TX,(*) - Very popular,Bars/Clubs,8/18/2019 11:56pm,9/7/2019 1:30pm,1965
390,Plaza Hotel Bar,Found,checked,,"31.759123,-106.488531",,,El Paso,TX,"(M) - Mixed Crowds,(PE) - Pretty elegant - jacket & tie may be required",Bars/Clubs,8/18/2019 11:56pm,9/7/2019 1:30pm,1965
391,Lafitte,General City Coordinates Used,checked,,"29.301348,-94.797696",,,Galveston,TX,(*) - Very popular,Bars/Clubs,8/18/2019 11:56pm,9/7/2019 1:21pm,1965
389,Clown Room,Found,checked,(Behind Plaza Hotel),"31.759132,-106.488225 ",,"Approximate Location for Plaza Hotel -- it isn't clear where ""behind the hotel"" would be. ",El Paso,TX,(*) - Very popular,Bars/Clubs,8/18/2019 11:56pm,9/7/2019 1:21pm,1965
169,Byrd Park,Found,checked,,"37.544727,-77.473065",,,Richmond,VA,Cruisy Area,Cruising Areas,9/7/2019 12:58pm,9/7/2019 1:18pm,1974
162,Buddy's Jazz Lounge,Found,checked,,"36.878542,-76.28202",,,Norfolk,VA,(M) - Mixed Crowds,Bars/Clubs,9/7/2019 12:27pm,9/7/2019 1:18pm,1974
166,Alexander's,Found,checked,,"37.540468,-77.43557",,,Richmond,VA,"(RT) - 'Raunchy types' - downtown type places - often hustlers,(*) - Very popular",Bars/Clubs,9/7/2019 12:27pm,9/7/2019 1:18pm,1974
171,"Grace & Franklin Sts, betw. 5th & Adams",Found,checked,,"37.542081,-77.438268",,,Richmond,VA,Cruisy Area,Cruising Areas,9/7/2019 12:58pm,9/7/2019 1:18pm,1974
170,Ryan Park,General City Coordinates Used,checked,,"37.540725,-77.436048",,,Richmond,VA,Cruisy Area,Cruising Areas,9/7/2019 12:58pm,9/7/2019 1:18pm,1974
165,Holiday Inn,Found,checked,"Midtown Bar
","36.854276,-76.274677",,,Norfolk,VA,(M) - Mixed Crowds,"Hotels,Bars/Clubs",9/7/2019 12:27pm,9/7/2019 1:18pm,1974
167,Virginia Beach,General City Coordinates Used,checked,,"36.850769,-76.285873",,,Norfolk,VA,Cruisy Area,Cruising Areas,9/7/2019 12:58pm,9/7/2019 1:18pm,1974
168,Ocean View Amusement Park,Found,checked,,"36.954612,-76.250911",,,Norfolk,VA,Cruisy Area,Cruising Areas,9/7/2019 12:58pm,9/7/2019 1:18pm,1974
163,Black Horse Cellar,Found,checked,Downtowner Motor Inn,"36.587668,-79.392578",,,Danville,VA,(M) - Mixed Crowds,"Hotels,Bars/Clubs",9/7/2019 12:27pm,9/7/2019 1:18pm,1974
229,Raven Room,General City Coordinates Used,checked,,"38.029306,-78.476678",,,Charlottesville,VA,"(YC) - Young and/or collegiate types,(M) - Mixed Crowds",Bars/Clubs,8/31/2019 1:17pm,9/7/2019 1:20pm,1971
231,Black Horse Cellar,Found,checked,Downtowner Motor Inn,"36.587668,-79.392578",,,Danville,VA,(M) - Mixed Crowds,"Hotels,Bars/Clubs",8/31/2019 1:17pm,9/7/2019 1:20pm,1971
228,Buddy's Jazz Lounge,Found,checked,,"36.878542,-76.28202",,,Norfolk,VA,(M) - Mixed Crowds,Bars/Clubs,8/31/2019 1:17pm,9/7/2019 1:20pm,1971
233,Holiday Inn Midtown,Found,checked,(cocktail lounge),"36.854276,-76.274677",,,Norfolk,VA,(M) - Mixed Crowds,"Hotels,Bars/Clubs",8/31/2019 1:17pm,9/7/2019 1:20pm,1971
294,Hotel Waverly,Found,checked,,"36.850182,-75.97557",,,Virginia Beach,VA,"""(H) - Hotel, motel, or other overnight accomodations""",Hotels,8/13/2019 4:45pm,9/7/2019 1:33pm,1969
293,Buddy's Jazz Lounge,Found,checked,,"36.878542,-76.28202",,,Norfolk,VA,"(YC) - Young and/or collegiate types,(M) - Mixed Crowds",Bars/Clubs,8/13/2019 4:17pm,9/7/2019 1:33pm,1969
323,Hotel Waverly,Found,checked,,"36.850182,-75.97557",,,Virginia Beach,VA,"""(H) - Hotel, motel, or other overnight accomodations""",Hotels,8/23/2019 3:58am,9/7/2019 1:31pm,1968
354,Hotel Waverly,Found,checked,,"36.850182,-75.97557",,"The guide actually says ""22nd * Ocean"". I think that has to be a typo because that doesn't make any sense as an address.",Virginia Beach,VA,"""(H) - Hotel, motel, or other overnight accomodations""",Hotels,8/13/2019 9:57am,9/7/2019 1:22pm,1966
392,Hotel Waverly,Found,checked,,"36.850182,-75.97557",,,Virginia Beach,VA,"""(H) - Hotel, motel, or other overnight accomodations""",Hotels,8/19/2019 12:12am,9/7/2019 1:30pm,1965
24,Dania 'B.A.' Beach,General City Coordinates Used,checked,,"26.052311,-80.143934",,coordinates for Dania Beach,Ft. Lauderdale,FL,Cruisy Area,Cruising Areas,8/31/2019 2:07pm,9/7/2019 1:18pm,1974
17,The Boardwalk,Found,checked,,"29.224086,-81.00469",,,Daytona Beach,FL,Cruisy Area,Cruising Areas,8/31/2019 2:07pm,9/7/2019 1:18pm,1974
39,Virginia Beach -- On Virginia Key nr. Key Biscanye,General City Coordinates Used,checked,,"25.739964,-80.156813",,,Miami,FL,Cruisy Area,Cruising Areas,9/4/2019 10:26am,9/7/2019 1:18pm,1974
29,Friendship Park,Found,checked,,"30.319695,-81.660155",,,Jacksonville,FL,Cruisy Area,Cruising Areas,8/31/2019 2:07pm,9/7/2019 1:18pm,1974
25,University Ave,General City Coordinates Used,checked,,"29.643633,-82.35493",,General coordinates for Univ of Florida,Gainsville,FL,Cruisy Area,Cruising Areas,8/31/2019 2:07pm,9/7/2019 1:18pm,1974
18,Saloon,Found,checked,(thru arcade),"26.120313,-80.14466",,,Ft. Lauderdale,FL,(*) - Very popular,Bars/Clubs,8/31/2019 2:07pm,9/7/2019 1:18pm,1974
32,Hemming Park,Found,checked,,"30.328937,-81.659251",,,Jacksonville,FL,Cruisy Area,Cruising Areas,8/31/2019 2:07pm,9/7/2019 1:18pm,1974
10,State Bar,General City Coordinates Used,checked,,"27.965853,-82.800103",,,Clearwater,FL,Cruisy Area,Cruising Areas,8/31/2019 2:07pm,9/7/2019 1:18pm,1974
52,Tampa Municipal Beach,Found,checked,,"27.983478,-82.537078",,,Tampa,FL,Cruisy Area,Cruising Areas,9/4/2019 11:25am,9/7/2019 1:18pm,1974
45,Skyway Birdge Park,Found,checked,,"27.681931,-82.677679",,,St. Petersburg,FL,Cruisy Area,Cruising Areas,9/4/2019 10:26am,9/7/2019 1:18pm,1974
37,Y.M.C.A.,Found,checked,,"25.774313,-80.188559",,,Miami,FL,"""(H) - Hotel, motel, or other overnight accomodations""",Hotels,9/4/2019 10:26am,9/7/2019 1:18pm,1974
40,Wolfie's,Found,checked,"(after hours)
","25.796394,-80.128847",,,Miami Beach,FL,"(*) - Very popular,(M) - Mixed Crowds,""(R) - Restaurant, usually serving dinner. A '*' after this symbol does not necessarily indicate quality of food served, but popularity of the place. "",""(C) - Coffee, soft drinks and sometimes snacks""",Restaurant,9/4/2019 10:26am,9/7/2019 1:18pm,1974
41,21st St. Beach,Found,checked,,"25.795706,-80.126537",,,Miami Beach,FL,Cruisy Area,Cruising Areas,9/4/2019 10:26am,9/7/2019 1:18pm,1974
44,Wayside park at foot of Bay Bridge (Hwy 89),Found,checked,,"30.417618,-87.193693",,,Pensacola,FL,Cruisy Area,Cruising Areas,9/4/2019 10:26am,9/7/2019 1:18pm,1974
49,Ballast Point,General City Coordinates Used,checked,,"27.888079,-82.481484",,,Tampa,FL,Cruisy Area,Cruising Areas,9/4/2019 11:25am,9/7/2019 1:18pm,1974
48,Tampa International Airport,Found,checked,,"27.983478,-82.537078",,,Tampa,FL,Cruisy Area,Cruising Areas,9/4/2019 11:25am,9/7/2019 1:18pm,1974
15,Der Keller,Found,checked,"(afternoons only)
","29.224086,-81.00469",,coordinates for boardwalk generally.,Daytona Beach,FL,(YC) - Young and/or collegiate types,Bars/Clubs,8/31/2019 2:07pm,9/7/2019 1:18pm,1974
51,Palm Beach Mall,Found,checked,,"26.725668,-80.086112",,,West Palm Beach,FL,Cruisy Area,Cruising Areas,9/4/2019 11:25am,9/7/2019 1:18pm,1974
36,"Coconut Grove, Especially afternoons near the Hamlet",General City Coordinates Used,checked,,"25.735525,-80.237719",,coordinates for Coconut Grove.,Miami,FL,Cruisy Area,Cruising Areas,9/4/2019 10:26am,9/7/2019 1:18pm,1974
28,"University of Florida, Walker Hall",Found,checked,,"29.649453,-82.341569",,,Gainsville,FL,Cruisy Area,Cruising Areas,8/31/2019 2:07pm,9/7/2019 1:18pm,1974
33,The Boardwalk,Found,checked,,"30.365626,-81.39908",,,Jacksonville Beach,FL,Cruisy Area,Cruising Areas,8/31/2019 2:07pm,9/7/2019 1:18pm,1974
46,Sand Box,Found,checked,,"27.328689,-82.533788",,,Sarasota,FL,"(YC) - Young and/or collegiate types,(S) - Shows - impersonators or record pantomime acts - often touristy,(D) - Dancing,""(R) - Restaurant, usually serving dinner. A '*' after this symbol does not necessarily indicate quality of food served, but popularity of the place. "",(*) - Very popular","Bars/Clubs,Restaurant",9/4/2019 11:25am,9/7/2019 1:18pm,1974
53,Riviera Beach,Found,checked,,"26.775341,-80.058097",,,West Palm Beach,FL,Cruisy Area,Cruising Areas,9/4/2019 11:25am,9/7/2019 1:18pm,1974
14,Clearwater Public Beach,Found,checked,(betw. the water towers),"27.974732,-82.828436",,,Clearwater,FL,Cruisy Area,Cruising Areas,8/31/2019 2:07pm,9/7/2019 1:18pm,1974
43,Catfish Hut,General City Coordinates Used,checked,,"30.722967,-85.937436",,,Ponce De Leon,FL,"(M) - Mixed Crowds,""(R) - Restaurant, usually serving dinner. A '*' after this symbol does not necessarily indicate quality of food served, but popularity of the place. """,Restaurant,9/4/2019 10:26am,9/7/2019 1:18pm,1974
21,Waffle House,General City Coordinates Used,checked,(after hours),"26.640628,-81.872308",,,Ft. Myers,FL,"(M) - Mixed Crowds,""(C) - Coffee, soft drinks and sometimes snacks"",""(R) - Restaurant, usually serving dinner. A '*' after this symbol does not necessarily indicate quality of food served, but popularity of the place. """,Restaurant,8/31/2019 2:07pm,9/7/2019 1:18pm,1974
30,Lou's,General City Coordinates Used,checked,,"24.555059,-81.779987",,,Key West,FL,(M) - Mixed Crowds,Bars/Clubs,8/31/2019 2:07pm,9/7/2019 1:18pm,1974
31,Mermaid Room,General City Coordinates Used,checked,,"24.555059,-81.779987",,,Key West,FL,(*) - Very popular,Bars/Clubs,8/31/2019 2:07pm,9/7/2019 1:18pm,1974
38,Frenchie's Pub,General City Coordinates Used,checked,,"25.790654,-80.130045",,,Miami Beach,FL,,Bars/Clubs,9/4/2019 10:26am,9/7/2019 1:18pm,1974
42,Eola Park,General City Coordinates Used,checked,,"28.538336,-81.379236",,,Orlando,FL,Cruisy Area,Cruising Areas,9/4/2019 10:26am,9/7/2019 1:18pm,1974
34,Betw. Greyhound Depot & 'Y',General City Coordinates Used,checked,,"25.76168,-80.19179",,General Miami Coordinates,Miami,FL,Cruisy Area,Cruising Areas,9/4/2019 10:26am,9/7/2019 1:18pm,1974
27,Stranahan Park,Found,checked,,"26.121747,-80.142684",,,Ft. Lauderdale,FL,Cruisy Area,Cruising Areas,8/31/2019 2:07pm,9/7/2019 1:18pm,1974
22,Bradford Hotel Bar,General City Coordinates Used,checked,,"26.640628,-81.872308",,,Ft. Myers,FL,(M) - Mixed Crowds,"Bars/Clubs,Hotels",8/31/2019 2:07pm,9/7/2019 1:18pm,1974
19,Ruthie's Golden Garter,Found,checked,,"26.167149,-80.116737 ",,,Ft. Lauderdale,FL,(D) - Dancing,Bars/Clubs,8/31/2019 2:07pm,9/7/2019 1:35pm,1974
16,Beach in front of Boardwalk,Found,checked,,"29.224086,-81.00469",,coordinates for boardwalk generally.,Daytona Beach,FL,Cruisy Area,Cruising Areas,8/31/2019 2:07pm,9/7/2019 1:18pm,1974
47,Elsewhere,Found,checked,,"30.435536,-84.288418 ",,,Tallahassee,FL,"(YC) - Young and/or collegiate types,(*) - Very popular",Bars/Clubs,9/4/2019 11:25am,9/7/2019 1:18pm,1974
20,Metropolitan Community Church,Found,checked,(Church of Holy Spirit),"26.120081,-80.131333",,,Ft. Lauderdale,FL,,Church,8/31/2019 2:07pm,9/7/2019 1:18pm,1974
35,"Biscayne Blvd, 'Hitchhikers'",General City Coordinates Used,checked,,"25.76168,-80.19179",,General Miami Coordinates,Miami,FL,Cruisy Area,Cruising Areas,9/4/2019 10:26am,9/7/2019 1:18pm,1974
23,Univeristy of Florida - Library East (2nd floor),Found,checked,,"29.651551,-82.342815",,,Gainsville,FL,Cruisy Area,Cruising Areas,8/31/2019 2:07pm,9/7/2019 1:18pm,1974
26,Spanish River Park,Found,checked,"Boca Raton
","26.378791,-80.06889",,,Ft. Lauderdale,FL,Cruisy Area,Cruising Areas,8/31/2019 2:07pm,9/7/2019 1:18pm,1974
50,Rallston Park - N. Tampa,General City Coordinates Used,checked,,"27.950575,-82.457178",,,Tampa,FL,Cruisy Area,Cruising Areas,9/4/2019 11:25am,9/7/2019 1:18pm,1974
186,Cork n' Kettle,Found,checked,,"27.296568,-82.530648",,,Sarasota,FL,,Bars/Clubs,8/30/2019 11:09am,9/7/2019 1:20pm,1971
184,Florida Pharmacy ,General City Coordinates Used,checked,(Coconut Grove),"25.735525,-80.237719",,coordinates for Coconut Grove.,Miami,FL,"(YC) - Young and/or collegiate types,(M) - Mixed Crowds",Restaurant,8/30/2019 11:00am,9/7/2019 1:20pm,1971
185,Grove Pub,General City Coordinates Used,checked,(Sun afternoons) (Coconut Grove) ,"25.735525,-80.237719",,coordinates for Coconut Grove.,Miami,FL,"(YC) - Young and/or collegiate types,(M) - Mixed Crowds",Bars/Clubs,8/30/2019 11:00am,9/7/2019 1:20pm,1971
182,Bradford Hotel Lounge,General City Coordinates Used,checked,,"26.640628,-81.872308",,,Ft. Myers,FL,(M) - Mixed Crowds,"Hotels,Bars/Clubs",8/29/2019 3:15pm,9/7/2019 1:20pm,1971
181,Calypso Lounge,Found,checked,,"26.454447,-81.954828",,,Ft. Myers,FL,(M) - Mixed Crowds,Bars/Clubs,8/29/2019 3:15pm,9/7/2019 1:20pm,1971
183,Eye Club,General City Coordinates Used,checked,,"30.284122,-81.396134",,,Jacksonville Beach,FL,"(P) - Private club - Inquire locally to admission,(D) - Dancing,(S) - Shows - impersonators or record pantomime acts - often touristy,(*) - Very popular",Bars/Clubs,8/30/2019 10:54am,9/7/2019 1:20pm,1971
176,Dolphin ,General City Coordinates Used,checked,,"26.531787,-80.090547",,,Boynton Beach,FL,,Bars/Clubs,8/29/2019 3:15pm,9/7/2019 1:20pm,1971
179,Palace Club,General City Coordinates Used,checked,(maybe opening soon) ,"26.122439,-80.137317",,,Ft. Lauderdale,FL,(P) - Private club - Inquire locally to admission,Bars/Clubs,8/29/2019 3:15pm,9/7/2019 1:20pm,1971
180,Golden Garter,Found,checked,,"26.167149,-80.116737 ",,,Ft. Lauderdale,FL,"(D) - Dancing,""(G) - Girls, but rarely exclusively""",Bars/Clubs,8/29/2019 3:15pm,9/7/2019 1:20pm,1971
174,State Bar,General City Coordinates Used,checked,,"27.965853,-82.800103",,,Clearwater,FL,(M) - Mixed Crowds,Bars/Clubs,8/29/2019 3:15pm,9/7/2019 1:20pm,1971
247,Bayshore Pharmacy ,General City Coordinates Used,checked,,"25.735525,-80.237719",,Coconut Grove Coordinates,Miami,FL,"(YC) - Young and/or collegiate types,(M) - Mixed Crowds",Restaurant,8/13/2019 10:31am,9/7/2019 1:24pm,1969
245,Circus Bar,General City Coordinates Used,checked,"inquire locally
","30.332184,-81.655651",,,Jacksonville,FL,,Bars/Clubs,8/13/2019 10:31am,9/7/2019 1:24pm,1969
246,Red Fez,General City Coordinates Used,checked,,"30.332184,-81.655651",,,Jacksonville,FL,"(P) - Private club - Inquire locally to admission,(D) - Dancing,(YC) - Young and/or collegiate types,(*) - Very popular",Bars/Clubs,8/13/2019 10:31am,9/7/2019 1:24pm,1969
243,Bradford Hotel Lounge ,General City Coordinates Used,checked,,"26.640628,-81.872308",,,Ft. Myers,FL,(M) - Mixed Crowds,Bars/Clubs,8/13/2019 10:31am,9/7/2019 1:24pm,1969
255,Living Room,General City Coordinates Used,checked,Big Apple Shopping Center,"28.612219,-80.807554",,,Titusville,FL,(*) - Very popular,Bars/Clubs,8/13/2019 10:32am,9/7/2019 1:24pm,1969
249,Hamlet,Found,checked,,"25.727855,-80.242775",,,Miami,FL,"(M) - Mixed Crowds,(YC) - Young and/or collegiate types",Bars/Clubs,8/13/2019 10:31am,9/7/2019 1:24pm,1969
242,Everglades,General City Coordinates Used,checked,,"26.122439,-80.137317",,,Ft. Lauderdale,FL,,Bars/Clubs,8/13/2019 10:31am,9/7/2019 1:24pm,1969
251,Top of the Roman ,Found,checked,"(upstairs)
","25.776197,-80.190333 ",,,Miami,FL,,Bars/Clubs,8/13/2019 10:31am,9/7/2019 1:33pm,1969
256,Jerry Field's,General City Coordinates Used,checked,,"28.612219,-80.807554",,,Titusville,FL,(M) - Mixed Crowds,Bars/Clubs,8/13/2019 11:16am,9/7/2019 1:24pm,1969
244,Cork Room ,General City Coordinates Used,checked,,"25.981202,-80.148379",,,Hallandale,FL,"""(G) - Girls, but rarely exclusively""",Bars/Clubs,8/13/2019 10:31am,9/7/2019 1:24pm,1969
248,Circus Hwy 1,General City Coordinates Used,checked,,"25.76168,-80.19179",,,Miami,FL,,Bars/Clubs,8/13/2019 10:31am,9/7/2019 1:24pm,1969
239,State Bar,General City Coordinates Used,checked,,"27.965853,-82.800103",,,Clearwater,FL,(M) - Mixed Crowds,Bars/Clubs,8/13/2019 10:31am,9/7/2019 1:24pm,1969
253,Long Branch ,General City Coordinates Used,checked,,"30.438256,-84.280733",,,Tallahassee,FL,,Bars/Clubs,8/13/2019 10:32am,9/7/2019 1:24pm,1969
241,White Caps,General City Coordinates Used,checked,Inquire Locally,"28.320007,-80.607551",,,Cocoa Beach,FL,,Bars/Clubs,8/13/2019 10:31am,9/7/2019 1:24pm,1969
252,Huricane,Found,checked,,"27.335427,-82.543605",,,Sarasota,FL,(M) - Mixed Crowds,Bars/Clubs,8/13/2019 10:32am,9/7/2019 1:33pm,1969
240,Keg Bar Hwy,General City Coordinates Used,checked,,"28.320007,-80.607551",,,Cocoa Beach,FL,,Bars/Clubs,8/13/2019 10:31am,9/7/2019 1:24pm,1969
254,Ohio,Found,checked,,"27.950339,-82.46007",,,Tampa,FL,"(M) - Mixed Crowds,(RT) - 'Raunchy types' - downtown type places - often hustlers",Bars/Clubs,8/13/2019 10:32am,9/7/2019 1:33pm,1969
250,Mon Petit,Found,checked,(Above the Little Spot),"25.84706,-80.184618",,,Miami,FL,(*) - Very popular,Bars/Clubs,8/13/2019 10:31am,9/7/2019 1:33pm,1969
330,El-Bo Room,Found,checked,,"30.291929,-81.392464",,,Jacksonville Beach,FL,(M) - Mixed Crowds,Bars/Clubs,8/19/2019 12:23am,9/7/2019 1:31pm,1968
335,Ohio,Found,checked,,"27.950339,-82.46007",,,Tampa,FL,"(M) - Mixed Crowds,(RT) - 'Raunchy types' - downtown type places - often hustlers",Bars/Clubs,8/19/2019 12:23am,9/7/2019 1:31pm,1968
333,Long Branch,General City Coordinates Used,checked,,"30.438256,-84.280733",,,Tallahassee,FL,(*) - Very popular,Bars/Clubs,8/19/2019 12:23am,9/7/2019 1:23pm,1968
334,Hurricane,Found,checked,,"27.335427,-82.543605",,,Sarasota,FL,(M) - Mixed Crowds,Bars/Clubs,8/19/2019 12:23am,9/7/2019 1:31pm,1968
328,Cork Room,General City Coordinates Used,checked,,"25.981202,-80.148379",,,Hallandale,FL,"""(G) - Girls, but rarely exclusively""",Bars/Clubs,8/19/2019 12:23am,9/7/2019 1:23pm,1968
331,Circus ,General City Coordinates Used,checked,,"25.76168,-80.19179",,,Miami,FL,,Bars/Clubs,8/19/2019 12:23am,9/7/2019 1:23pm,1968
324,State Bar,General City Coordinates Used,checked,,"27.965853,-82.800103",,,Clearwater,FL,(M) - Mixed Crowds,Bars/Clubs,8/19/2019 12:23am,9/7/2019 1:23pm,1968
326,Vagabond Hut,Found,checked,North end of Boardwalk,"29.224086,-81.00469",,coordinates for boardwalk generally.,Daytona Beach,FL,(M) - Mixed Crowds,Bars/Clubs,8/19/2019 12:23am,9/7/2019 1:23pm,1968
332,Top of the Roman,Found,checked,(upstairs),"25.776197,-80.190333 ",,,Miami,FL,,Bars/Clubs,8/19/2019 12:23am,9/7/2019 1:31pm,1968
329,Circus Bar,General City Coordinates Used,checked,(Inquire locally),"30.332184,-81.655651",,,Jacksonville,FL,,Bars/Clubs,8/19/2019 12:23am,9/7/2019 1:23pm,1968
325,Castle Club,Found,checked,Inquire locally,"29.210815,-81.022833",,,Daytona Beach,FL,"(D) - Dancing,(P) - Private club - Inquire locally to admission",Bars/Clubs,8/19/2019 12:23am,9/7/2019 1:23pm,1968
327,Bradford Hotel Lounge,General City Coordinates Used,checked,,"26.640628,-81.872308",,,Ft. Myers,FL,,"Bars/Clubs,Hotels",8/19/2019 12:23am,9/7/2019 1:23pm,1968
356,Bradford Hotel Lounge,General City Coordinates Used,checked,,"26.640628,-81.872308",,,Ft. Myers,FL,(M) - Mixed Crowds,"Bars/Clubs,Hotels",8/13/2019 10:08am,9/7/2019 1:22pm,1966
355,Vagabond Hut,Found,checked,,"29.224086,-81.00469",,coordinates for boardwalk generally.,Daytona Beach,FL,,Bars/Clubs,8/13/2019 10:08am,9/7/2019 1:22pm,1966
359,Ohio,Found,checked,,"27.950339,-82.46007",,,Tampa,FL,(M) - Mixed Crowds,Bars/Clubs,8/13/2019 10:22am,9/7/2019 1:30pm,1966
357,Kon Tiki,General City Coordinates Used,checked,,"30.284122,-81.396134",,,Jacksonville Beach,FL,"(PE) - Pretty elegant - jacket & tie may be required,(M) - Mixed Crowds",Bars/Clubs,8/13/2019 10:08am,9/7/2019 1:22pm,1966
358,Cactus,Found,checked,,"25.795453,-80.189043",,,Miami,FL,(*) - Very popular,Bars/Clubs,8/13/2019 10:08am,9/7/2019 1:30pm,1966
372,Studio Restaurant,General City Coordinates Used,checked,,"25.76168,-80.19179",,,Miami,FL,,Restaurant,8/13/2019 11:23pm,9/7/2019 1:21pm,1965
373,Ohio,Found,checked,,"27.950339,-82.46007",,,Tampa,FL,(M) - Mixed Crowds,Bars/Clubs,8/13/2019 11:23pm,9/7/2019 1:30pm,1965
371,Kon Tiki,General City Coordinates Used,checked,,"30.284122,-81.396134",,,Jacksonville Beach,FL,"(PE) - Pretty elegant - jacket & tie may be required,(M) - Mixed Crowds",Bars/Clubs,8/13/2019 11:23pm,9/7/2019 1:21pm,1965
101,Holiday Inn Bar,General City Coordinates Used,checked,,"34.257607,-88.703386",,,Tupelo,MS,(M) - Mixed Crowds,"Bars/Clubs,Hotels",9/7/2019 10:46am,9/7/2019 1:18pm,1974
96,Mae's Cabaret,General City Coordinates Used,checked,,"32.298757,-90.18481",,,Jackson,MS,"(YC) - Young and/or collegiate types,(D) - Dancing,(P) - Private club - Inquire locally to admission,(*) - Very popular",Bars/Clubs,9/7/2019 10:46am,9/7/2019 1:18pm,1974
95,Jolly Roger,Found,checked,,"32.299231,-90.180443",,,Jackson,MS,"(M) - Mixed Crowds,""(R) - Restaurant, usually serving dinner. A '*' after this symbol does not necessarily indicate quality of food served, but popularity of the place. """,Restaurant,9/7/2019 10:46am,9/7/2019 1:18pm,1974
98,Summer Stock,General City Coordinates Used,checked,(Key Club),"32.36431,-88.703656",,,Meridian,MS,(P) - Private club - Inquire locally to admission,Bars/Clubs,9/7/2019 10:46am,9/7/2019 1:18pm,1974
99,Sheraton Plaza Hotel Bar,General City Coordinates Used,checked,,"34.257607,-88.703386",,,Tupelo,MS,"(M) - Mixed Crowds,(PE) - Pretty elegant - jacket & tie may be required","Bars/Clubs,Hotels",9/7/2019 10:46am,9/7/2019 1:18pm,1974
100,Driftwood Lounge,General City Coordinates Used,checked,,"32.352646,-90.877882 ",,,Vicksberg,MS,(M) - Mixed Crowds,Bars/Clubs,9/7/2019 10:46am,9/7/2019 1:18pm,1974
94,Holiday Inn Bar,Found,checked,,"33.50559,-88.431556",,,Columbus,MS,(M) - Mixed Crowds,"Hotels,Bars/Clubs",9/7/2019 10:46am,9/7/2019 1:18pm,1974
97,Van's Steak House,General City Coordinates Used,checked,(Mississippi Blvd),"30.36742,-89.092816 ",,,Gulfport,MS,(M) - Mixed Crowds,Bars/Clubs,9/7/2019 10:46am,9/7/2019 1:18pm,1974
93,Side Door,General City Coordinates Used,checked,"(Key Club)(Inquire Locally; this could be in Gulfport)
"," 30.396032,-88.885308",,,Biloxi,MS,(P) - Private club - Inquire locally to admission,Bars/Clubs,9/7/2019 10:46am,9/7/2019 1:18pm,1974
92,Southernaire Night Club,General City Coordinates Used,checked,,"33.495674,-88.427263 ",,,Columbus,MS,"(M) - Mixed Crowds,(RT) - 'Raunchy types' - downtown type places - often hustlers",Bars/Clubs,9/7/2019 10:46am,9/7/2019 1:18pm,1974
204,Downtowner Motel Bar,General City Coordinates Used,checked,,"32.298757,-90.18481",,,Jackson,MS,(M) - Mixed Crowds,"Hotels,Bars/Clubs",8/30/2019 4:07pm,9/7/2019 1:20pm,1971
208,Holiday Inn,General City Coordinates Used,checked,,"34.257607,-88.703386",,,Tupelo,MS,,"Hotels,Bars/Clubs",8/30/2019 4:07pm,9/7/2019 1:20pm,1971
205,7-1-25 Club (Wilma's),General City Coordinates Used,checked,," 30.396032,-88.885308",,,Biloxi,MS,"(M) - Mixed Crowds,""(G) - Girls, but rarely exclusively"",(RT) - 'Raunchy Types' - usually downtow-type establishments  - can mean 'rent or commecial'",Bars/Clubs,8/30/2019 4:07pm,9/7/2019 1:20pm,1971
266,Koko's ,General City Coordinates Used,checked,," 30.396032,-88.885308",,,Biloxi,MS,(*) - Very popular,Bars/Clubs,8/13/2019 2:05pm,9/7/2019 1:24pm,1969
269,Sports Lounge,General City Coordinates Used,checked,,"32.298757,-90.18481",,,Jackson,MS,"(P) - Private club - Inquire locally to admission,(D) - Dancing,(*) - Very popular",Bars/Clubs,8/13/2019 2:05pm,9/7/2019 1:24pm,1969
267,Koko Beach Motel ,General City Coordinates Used,checked,," 30.396032,-88.885308",,,Biloxi,MS,"""(H) - Hotel, motel, or other overnight accomodations""",Hotels,8/13/2019 2:05pm,9/7/2019 1:24pm,1969
268,Tap Room,General City Coordinates Used,checked,,"31.327119,-89.290339",,,Hattiesburg,MS,(M) - Mixed Crowds,Bars/Clubs,8/13/2019 2:05pm,9/7/2019 1:24pm,1969
270,Hitching Post,General City Coordinates Used,checked,,"34.257607,-88.703386",,,Tupelo,MS,,Bars/Clubs,8/13/2019 2:05pm,9/7/2019 1:24pm,1969
337,Tap Room,General City Coordinates Used,checked,,"31.327119,-89.290339",,,Hattiesburg,MS,(M) - Mixed Crowds,Bars/Clubs,8/22/2019 4:07am,9/7/2019 1:23pm,1968
338,Robert E. Lee Hotel Bar,Found,checked,,"32.302422,-90.185537",,,Jackson,MS,(M) - Mixed Crowds,"Bars/Clubs,Hotels",8/22/2019 4:07am,9/7/2019 1:23pm,1968
336,Koko's,General City Coordinates Used,checked,," 30.396032,-88.885308",,,Biloxi,MS,(*) - Very popular,Bars/Clubs,8/22/2019 4:07am,9/7/2019 1:23pm,1968
345,Tap Room,General City Coordinates Used,checked,,"31.327119,-89.290339",,,Hattiesburg,MS,(M) - Mixed Crowds,Bars/Clubs,8/13/2019 9:37am,9/7/2019 1:22pm,1966
346,Robert E. Lee Hotel Bar,Found,checked,,"32.302422,-90.185537",,,Jackson,MS,(M) - Mixed Crowds,"Bars/Clubs,Hotels",8/13/2019 9:37am,9/7/2019 1:22pm,1966
344,Little John's ,General City Coordinates Used,checked,," 30.396032,-88.885308",,,Biloxi,MS,(*) - Very popular,Bars/Clubs,8/13/2019 9:37am,9/7/2019 1:22pm,1966
376,Koko's Lounge,General City Coordinates Used,checked,," 30.396032,-88.885308",,,Biloxi,MS,,Bars/Clubs,8/14/2019 12:41am,9/7/2019 1:21pm,1965
380,Sports Lounge,General City Coordinates Used,checked,,"32.298757,-90.18481",,,Jackson,MS,(M) - Mixed Crowds,Bars/Clubs,8/14/2019 12:41am,9/7/2019 1:21pm,1965
379,Robert E Lee Hotel Bar,Found,checked,,"32.302422,-90.185537",,,Jackson,MS,(M) - Mixed Crowds,Bars/Clubs,8/14/2019 12:41am,9/7/2019 1:21pm,1965
378,Tap Room,General City Coordinates Used,checked,,"31.327119,-89.290339",,,Hattiesburg,MS,(M) - Mixed Crowds,Bars/Clubs,8/14/2019 12:41am,9/7/2019 1:21pm,1965
377,Koko Beach Hotel,General City Coordinates Used,checked,," 30.396032,-88.885308",,,Biloxi,MS,"""(H) - Hotel, motel, or other overnight accomodations""",Hotels,8/14/2019 12:41am,9/7/2019 1:21pm,1965
80,Savoy Theatre,Found,checked,," 38.253503,-85.754051",,Was located at 211 W. Jefferson Street. See http://cinematreasures.org/theaters/28074 for images and history of location.,Louisville,KY,Cruisy Area,Cruising Areas,9/5/2019 2:39pm,9/7/2019 1:18pm,1974
76,Iraquois Park,Found,checked,,"38.162326,-85.79229",,,Louisville,KY,Cruisy Area,Cruising Areas,9/5/2019 2:39pm,9/7/2019 1:18pm,1974
72,Riviera Club,Found,checked,,"39.094402,-84.496955",,Approximate location. It appears that 2nd st at this location no longer exists due to construction of the Newport Aquarium in 1999.,Newport,KY,"""(R) - Restaurant, usually serving dinner. A '*' after this symbol does not necessarily indicate quality of food served, but popularity of the place. "",""(C) - Coffee, soft drinks and sometimes snacks"",""(G) - Girls, but seldom exclusively""",Restaurant,9/5/2019 2:39pm,9/7/2019 1:18pm,1974
77,Cherokee Park,Found,checked,,"38.239966,-85.699366 ",,,Louisville,KY,Cruisy Area,Cruising Areas,9/5/2019 2:39pm,9/7/2019 1:18pm,1974
78,Main st at the Esplanade,Found,checked,,"38.044311,-84.494622",,,Lexington,KY,Cruisy Area,Cruising Areas,9/5/2019 2:39pm,9/7/2019 1:18pm,1974
74,Public Library,Found,checked,,"38.245138,-85.757805",,,Louisville,KY,Cruisy Area,Cruising Areas,9/5/2019 2:39pm,9/7/2019 1:18pm,1974
73,Central Park,Found,checked,,"38.229611,-85.762809",,,Louisville,KY,Cruisy Area,Cruising Areas,9/5/2019 2:39pm,9/7/2019 1:18pm,1974
79,University of KY -- Fine Arts Building,Found,checked,,"38.036957,-84.501987",,,Lexington,KY,Cruisy Area,Cruising Areas,9/5/2019 2:39pm,9/7/2019 1:18pm,1974
199,Residence Club,General City Coordinates Used,checked,,"37.793459,-79.993946",,,Covington,KY,"(P) - Private club - Inquire locally to admission,(D) - Dancing,""(G) - Girls, but rarely exclusively""",Bars/Clubs,8/30/2019 4:07pm,9/7/2019 1:20pm,1971
198,Jerry's Drive Inn,Found,checked,,"38.03645,-84.486288",,,Lexington,KY,"(M) - Mixed Crowds,(YC) - Young and/or collegiate types,""(C) - Coffee, soft drinks and sometimes food -- usually open late after bars have closed""",Other,8/30/2019 4:07pm,9/7/2019 1:20pm,1971
7,Drummer's Room,Found,,(attempts to discourage crowds) Manning Motor Hotel,"34.748095,-92.270318",W Markham St & S Main St,,Little Rock,AR,,"Hotels,Bars/Clubs",8/31/2019 2:07pm,9/7/2019 1:18pm,1974
9,Bath Row,General City Coordinates Used,checked,,"34.5037,-93.05518",,,Hot Springs,AR,Cruisy Area,Cruising Areas,8/31/2019 2:07pm,9/7/2019 1:18pm,1974
8,Crusiy Area,Found,checked,,"35.385437,-94.422531",,,Ft. Smith,AR,Cruisy Area,Cruising Areas,8/31/2019 2:07pm,9/7/2019 1:18pm,1974
4,Show Boat,Found,checked,,"35.391846,-94.420796",,,Ft. Smith,AR,,Bars/Clubs,8/31/2019 2:07pm,9/7/2019 1:18pm,1974
13,Red Barn,General City Coordinates Used,checked,(thru bar and into back room),"33.441792,-94.037688",,,Texarcana,AR,,Bars/Clubs,8/31/2019 2:07pm,9/7/2019 1:18pm,1974
12,Mac Arthur Park,Found,,,"34.739286,-92.265501",,,Little Rock,AR,Cruisy Area,Cruising Areas,8/31/2019 2:07pm,9/7/2019 1:18pm,1974
11,Alsop Park,Found,,,"34.761595,-92.313834",3700 Cedar Hill Rd,,Little Rock,AR,Cruisy Area,Cruising Areas,8/31/2019 2:07pm,9/7/2019 1:18pm,1974
178,Red Barn,General City Coordinates Used,checked,"(thru bar & into back room)
","33.441792,-94.037688",,,Texarcana,AR,(M) - Mixed Crowds,Bars/Clubs,8/29/2019 3:15pm,9/7/2019 1:20pm,1971
175,Southwest Actors & Artists Club,General City Coordinates Used,,,"34.746481,-92.289595",,Coordinates for Little Rock due to unclear address.,Little Rock,AR,"(P) - Private club - Inquire locally to admission,(D) - Dancing,(YC) - Young and/or collegiate types",Bars/Clubs,8/29/2019 3:15pm,9/7/2019 1:20pm,1971
177,Gar Hole,Found,,(thru lobby of Marion Hotel -- downstairs),"34.748095,-92.270318",W Markham St & S Main St,,Little Rock,AR,,Hotels,8/29/2019 3:15pm,9/7/2019 1:20pm,1971
237,Gar Hole,Found,,(Thru lobby of Marion Hotel & downstairs),"34.748095,-92.270318",W Markham St & S Main St,,Little Rock,AR,,Bars/Clubs,8/13/2019 10:31am,9/7/2019 1:33pm,1969
238,Red Barn,General City Coordinates Used,checked,(Thru bar in back room),"33.441792,-94.037688",,,Texarcana,AR,(M) - Mixed Crowds,Bars/Clubs,8/13/2019 10:31am,9/7/2019 1:24pm,1969
339,Gar Hole,Found,,Marion Hotel,"34.748095,-92.270318",W Markham St & S Main St,,Little Rock,AR,,"Bars/Clubs,Hotels",8/19/2019 12:23am,9/7/2019 1:23pm,1968