ID,title,description,streetaddress,city,state,amenityfeatures,type,unclearaddress,notes,dateadded,lastmodified
1,Pasquale's Pizza,,174 E. Magnolia,Auburn,AL,"(M) - Mixed Crowds,""(R) - Restaurant, usually serving dinner. A '*' after this symbol does not necessarily indicate quality of food served, but popularity of the place. """,Restaurant,,,8/31/2019 12:06pm,9/3/2019 10:26am
2,Pete's,,816 Opalika Rd.,Auburn,AL,(M) - Mixed Crowds,Bars/Clubs,,,8/31/2019 12:07pm,9/3/2019 10:26am
4,Chances R Lounge,,208 N. 23rd St,Birmingham,AL,(D) - Dancing,Bars/Clubs,,,8/31/2019 12:07pm,9/3/2019 10:26am
5,Gizmo,,209 S. 22nd St.,Birmingham,AL,,Bars/Clubs,,,8/31/2019 12:07pm,9/3/2019 10:26am
6,Golden Torch,(Unisex),1915 5th Ave N. ,Birmingham,AL,"""(G) - Girls, but seldom exclusively"",(B) - Blacks frequent,(RT) - 'Raunchy types' - downtown type places - often hustlers,(D) - Dancing,""(R) - Restaurant, usually serving dinner. A '*' after this symbol does not necessarily indicate quality of food served, but popularity of the place. "",(*) - Very popular","Restaurant,Bars/Clubs",,,8/31/2019 12:07pm,9/3/2019 10:26am
7,Mammy's Pancake House,,2151 Highland Ave. S. ,Birmingham,AL,"(M) - Mixed Crowds,""(R) - Restaurant, usually serving dinner. A '*' after this symbol does not necessarily indicate quality of food served, but popularity of the place. "",""(C) - Coffee, soft drinks and sometimes snacks""",Restaurant,,,8/31/2019 12:07pm,9/3/2019 10:26am
8,Matador,,208 N. 22nd St.,Birmingham,AL,"(YC) - Young and/or collegiate types,(D) - Dancing,(*) - Very popular",Bars/Clubs,,,8/31/2019 12:07pm,9/3/2019 10:26am
9,Outerfocus,(S weekends*)(upstairs),117 1/2 N. 21st St.,Birmingham,AL,"(D) - Dancing,(S) - Shows - impersonators or record pantomime acts - often touristy",Bars/Clubs,,,8/31/2019 12:07pm,9/3/2019 10:26am
10,Shoney's,(after hours),221 N. 20th St.,Birmingham,AL,"(M) - Mixed Crowds,""(R) - Restaurant, usually serving dinner. A '*' after this symbol does not necessarily indicate quality of food served, but popularity of the place. "",""(C) - Coffee, soft drinks and sometimes snacks""",Restaurant,,,8/31/2019 12:07pm,9/3/2019 10:26am
12,Why Not Eat Here Cafe,,220 Moulton St. ,Decatur,AL,(M) - Mixed Crowds,Restaurant,,,8/31/2019 12:07pm,9/3/2019 10:26am
13,Heart of Dothan Motel Bar,,314 N. Foster,Dothan,AL,(M) - Mixed Crowds,"Hotels,Bars/Clubs",,,8/31/2019 12:07pm,9/3/2019 10:26am
14,Escape Lounge,,1313 Memorial Pkwy.,Huntsville,AL,(*) - Very popular,Bars/Clubs,,,8/31/2019 12:07pm,9/3/2019 10:26am
15,Goldenrod Social Club,"(after hours)
",155 Government St. ,Mobile,AL,"(YC) - Young and/or collegiate types,""(C) - Coffee, soft drinks and sometimes snacks"",(*) - Very popular",Bars/Clubs,,,8/31/2019 12:07pm,9/3/2019 10:26am
17,Princess House Lounge,,254 Government,Mobile,AL,(*) - Very popular,Bars/Clubs,,,8/31/2019 12:07pm,9/3/2019 10:26am
19,Exchange Hotel Bar,,5 Commerce St,Montgomery,AL,(M) - Mixed Crowds,"Hotels,Bars/Clubs",,,8/31/2019 12:07pm,9/3/2019 10:26am
20,Chucker,,2121 6th St,Tuscaloosa,AL,(*) - Very popular,Bars/Clubs,,,8/31/2019 12:07pm,9/3/2019 10:26am
22,Ramada Inn Bar,,709 Skyland Blvd,Tuscaloosa,AL,(M) - Mixed Crowds,"Hotels,Bars/Clubs",,,8/31/2019 12:07pm,9/3/2019 10:26am
23,Stafford Hotel Bar,"(downstairs)
",3209 9th St,Tuscaloosa,AL,(M) - Mixed Crowds,"Hotels,Bars/Clubs",,,8/31/2019 12:07pm,9/3/2019 10:26am
26,Mollie's,,360 Central Ave,Hot Springs,AR,"(M) - Mixed Crowds,""(R) - Restaurant, usually serving dinner. A '*' after this symbol does not necessarily indicate quality of food served, but popularity of the place. """,Restaurant,,,8/31/2019 12:07pm,9/21/2019 11:51am
27,Peacock Lounge,,220 Central Ave,Hot Springs,AR,,Bars/Clubs,,,8/31/2019 12:07pm,9/21/2019 11:51am
28,Royal Lion Club,(ioen Th-F-S-S only),236 Quachita Ave,Hot Springs,AR,"(P) - Private club - Inquire locally to admission,(D) - Dancing,""(G) - Girls, but seldom exclusively""",Bars/Clubs,,,8/31/2019 12:07pm,9/21/2019 11:51am
36,Bull Pen,,516 Main St,Daytona Beach,FL,"(RT) - 'Raunchy types' - downtown type places - often hustlers,(*) - Very popular",Bars/Clubs,,,8/31/2019 12:07pm,9/3/2019 10:36am
37,Chuck's Atlantic Club,,44 N. Atlantic Ave,Daytona Beach,FL,(*) - Very popular,Bars/Clubs,,,8/31/2019 12:07pm,9/3/2019 10:36am
39,Hollywood Lounge,,415 Main St,Daytona Beach,FL,,Bars/Clubs,,,8/31/2019 12:07pm,9/3/2019 10:36am
40,Sea Mist Hotel,(Daytona Beach Shores),2657 S. Atlantic,Daytona Beach,FL,"""(H) - Hotel, motel, or other overnight accomodations""",Hotels,,,8/31/2019 12:07pm,9/3/2019 10:36am
41,Yum Yum Tree,(Holly Hill),703 N. Ridgewood,Daytona Beach,FL,"""(G) - Girls, but seldom exclusively""",Bars/Clubs,,,8/31/2019 12:07pm,9/3/2019 10:36am
44,Elbo Room,"(Ft. L. Beach)
",241 S. Athlantic,Ft. Lauderdale,FL,"(M) - Mixed Crowds,(RT) - 'Raunchy types' - downtown type places - often hustlers,(YC) - Young and/or collegiate types",Bars/Clubs,,,8/31/2019 12:07pm,9/9/2019 7:36am
45,Evergaldes,,1931 S.E. 6th Ave,Ft. Lauderdale,FL,"(D) - Dancing,(*) - Very popular",Bars/Clubs,,,8/31/2019 12:07pm,9/9/2019 7:36am
46,Gallery,(10pm-4am),2889 W. Broward Blvd,Ft. Lauderdale,FL,"(YC) - Young and/or collegiate types,(D) - Dancing,(S) - Shows - impersonators or record pantomime acts - often touristy,(*) - Very popular",Bars/Clubs,,,8/31/2019 12:07pm,9/9/2019 7:36am
47,Galt Riviera Motel,,3811 N. Ocean Blvd,Ft. Lauderdale,FL,"""(H) - Hotel, motel, or other overnight accomodations""",Hotels,,,8/31/2019 12:07pm,9/9/2019 7:36am
48,Gym Steam Baths,,901 S.W. 27th Ave,Ft. Lauderdale,FL,"(YC) - Young and/or collegiate types,(*) - Very popular",Baths,,,8/31/2019 12:07pm,9/9/2019 7:36am
50,Odds & Ends,(Oakland Park),3148 N.E. 12th Ave,Ft. Lauderdale,FL,"""(G) - Girls, but seldom exclusively"",(*) - Very popular",Bars/Clubs,,,8/31/2019 12:07pm,9/9/2019 7:36am
53,The Tree,,656 N. Andrews,Ft. Lauderdale,FL,,Bars/Clubs,,,8/31/2019 12:07pm,9/9/2019 7:36am
54,Venture Inn,,1791 W. Broward,Ft. Lauderdale,FL,"(YC) - Young and/or collegiate types,(D) - Dancing,(*) - Very popular",Bars/Clubs,,,8/31/2019 12:07pm,9/9/2019 7:36am
55,Zanzibar,,214 S.W. 1st Ave,Ft. Lauderdale,FL,,Bars/Clubs,,,8/31/2019 12:07pm,9/9/2019 7:36am
57,Red Lion,,1514 Jackson,Ft. Myers,FL,"(D) - Dancing,(*) - Very popular",Bars/Clubs,,,8/31/2019 12:07pm,9/9/2019 7:36am
59,Melody Club,,4130 N.W. 6th St.,Gainsville,FL,(*) - Very popular,Bars/Clubs,,,8/31/2019 12:07pm,9/9/2019 7:36am
60,Books 'n' Things,,262 N. Federal Hwy,Hallandale,FL,,Bars/Clubs,,,8/31/2019 12:07pm,9/9/2019 7:36am
61,Keith's Cruise Room,(go go boys) (Old DIxie Hwy),813 S.E. 1st Ave,Hallandale,FL,"(YC) - Young and/or collegiate types,(D) - Dancing,(*) - Very popular",Bars/Clubs,,,8/31/2019 12:07pm,9/9/2019 7:36am
62,Patsy's Club 79,,766 E. 25th St,Hilaleah,FL,"""(G) - Girls, but seldom exclusively""",Bars/Clubs,,,8/31/2019 12:07pm,9/9/2019 7:36am
69,Office II,,2590 State Rd. No 7,Hollywood,FL,,Bars/Clubs,,,8/31/2019 12:07pm,9/9/2019 7:36am
70,Tee Jay's ,,2100 N. Dixie Hwy,Hollywood,FL,(*) - Very popular,Bars/Clubs,,,8/31/2019 12:07pm,9/9/2019 7:36am
71,B.J.'s Reef,,8606 Phillips Hwy ,Jacksonville,FL,"(D) - Dancing,(S) - Shows - impersonators or record pantomime acts - often touristy",Bars/Clubs,,,8/31/2019 12:07pm,9/9/2019 7:36am
72,Circus Bar,Hotel Floridan,433 W. Forsythe,Jacksonville,FL,"(M) - Mixed Crowds,(B) - Blacks frequent,(RT) - 'Raunchy types' - downtown type places - often hustlers","Hotels,Bars/Clubs",,,8/31/2019 12:07pm,9/9/2019 7:36am
73,Commodore,(only liquor bar),1012 E. Bay St,Jacksonville,FL,(*) - Very popular,Bars/Clubs,,,8/31/2019 12:07pm,9/9/2019 7:36am
74,Fountainhead News Center,,8 E. Bay St.,Jacksonville,FL,,Bars/Clubs,,,8/31/2019 12:07pm,9/9/2019 7:36am
75,Gator Lodge,,4141 Phillips Hwy,Jacksonville,FL,"(M) - Mixed Crowds,""(H) - Hotel, motel, or other overnight accomodations""",Hotels,,,8/31/2019 12:07pm,9/9/2019 7:36am
76,Inferno,,8836 Atlantic Bl.,Jacksonville,FL,"(YC) - Young and/or collegiate types,(D) - Dancing,(S) - Shows - impersonators or record pantomime acts - often touristy,(*) - Very popular",Bars/Clubs,,,8/31/2019 12:07pm,9/9/2019 7:36am
77,Mr. D's,(also called 'Off Beat'),2952 College St. ,Jacksonville,FL,"(D) - Dancing,(S) - Shows - impersonators or record pantomime acts - often touristy",Bars/Clubs,,,8/31/2019 12:07pm,9/9/2019 7:36am
78,St. Nicholas Lounge,,3116 Atlantic Blvd,Jacksonville,FL,(M) - Mixed Crowds,Bars/Clubs,,,8/31/2019 12:07pm,9/9/2019 7:36am
79,Castaways,(weekends),413 N. 1st St,Jacksonville Beach,FL,"(M) - Mixed Crowds,(YC) - Young and/or collegiate types,(S) - Shows - impersonators or record pantomime acts - often touristy",Bars/Clubs,,,8/31/2019 12:07pm,9/9/2019 7:36am
80,Top of the Tides,(upstairs),411 N. 1st St,Jacksonville Beach,FL,"(YC) - Young and/or collegiate types,(D) - Dancing,(S) - Shows - impersonators or record pantomime acts - often touristy",Bars/Clubs,,,8/31/2019 12:07pm,9/9/2019 7:36am
81,Delmonico's ,,218 Duval St. ,Key West,FL,(*) - Very popular,Bars/Clubs,,,8/31/2019 12:07pm,9/9/2019 7:36am
82,John Brown's Bar,,224 Duval St,Key West,FL,(M) - Mixed Crowds,Bars/Clubs,,,8/31/2019 12:07pm,9/9/2019 7:36am
85,Lakeside Villas Motel,,1255 Lakeshore Way,Lake Alfred,FL,"(M) - Mixed Crowds,""(H) - Hotel, motel, or other overnight accomodations""",Hotels,,,8/31/2019 12:07pm,9/9/2019 7:36am
86,Music Box,,628 Lake Ave.,Lake Worth,FL,(*) - Very popular,Bars/Clubs,,,8/31/2019 12:07pm,9/9/2019 7:36am
90,Bachelors II,"(R Upstairs)
",2847 S.W. Coral Way,Miami,FL,"(YC) - Young and/or collegiate types,""(R) - Restaurant, usually serving dinner. A '*' after this symbol does not necessarily indicate quality of food served, but popularity of the place. ""","Bars/Clubs,Restaurant",,,8/31/2019 12:07pm,9/9/2019 7:36am
91,Bachelors II West,(sing in front says 'Aquarius' -- enter thru back door off parking lot on S. side) (Le Jeune Rd.),820 S.W. 42nd Ave,Miami,FL,"(YC) - Young and/or collegiate types,(D) - Dancing,(*) - Very popular",Bars/Clubs,,,8/31/2019 12:07pm,9/9/2019 7:36am
92,Cactus Lounge,,2041 N.E. Biscayne Bl.,Miami,FL,"""(R) - Restaurant, usually serving dinner. A '*' after this symbol does not necessarily indicate quality of food served, but popularity of the place. "",(*) - Very popular",Restaurant,,,8/31/2019 12:07pm,9/9/2019 7:36am
93,Carnival,"(Latins)
",137 N.E. 3rd Ave,Miami,FL,(RT) - 'Raunchy types' - downtown type places - often hustlers,Bars/Clubs,,,8/31/2019 12:07pm,9/9/2019 7:36am
94,Club Miami Baths,,2991 Coral Way,Miami,FL,(*) - Very popular,Baths,,,8/31/2019 12:07pm,9/9/2019 7:36am
95,Country Store,"(coconut grove)
",2880 Florida Ave.,Miami,FL,"(M) - Mixed Crowds,(PE) - Pretty elegant - jacket & tie may be required,""(R) - Restaurant, usually serving dinner. A '*' after this symbol does not necessarily indicate quality of food served, but popularity of the place. """,Restaurant,,,8/31/2019 12:07pm,9/9/2019 7:36am
96,Danny's Book Store,,131 S.E. 1st Ave,Miami,FL,,Book Store,,,8/31/2019 12:07pm,9/9/2019 7:36am
97,Danny's Little River News,,7839 N.E. 2nd Ave,Miami,FL,,Book Store,,,8/31/2019 12:07pm,9/9/2019 7:36am
98,El Carol,,930 Le Jeune Rd. ,Miami,FL,,Bars/Clubs,,,8/31/2019 12:07pm,9/9/2019 7:36am
99,Fox Hole,,2000 N.E. 2nd Ave,Miami,FL,,Bars/Clubs,,,8/31/2019 12:07pm,9/9/2019 7:36am
100,Hamlet,(Coconut Grove),3416 Main Hwy,Miami,FL,"""(R) - Restaurant, usually serving dinner. A '*' after this symbol does not necessarily indicate quality of food served, but popularity of the place. "",(*) - Very popular",Restaurant,,,8/31/2019 12:07pm,9/9/2019 7:36am
101,Le Bistro,,312 S.E. 2nd Ave,Miami,FL,(M) - Mixed Crowds,Restaurant,,,8/31/2019 12:07pm,9/9/2019 7:36am
102,Le Moon Villas,(Coconut Grove),2661 Bayshore Dr.,Miami,FL,"""(H) - Hotel, motel, or other overnight accomodations"",(*) - Very popular",Hotels,,,8/31/2019 12:07pm,9/9/2019 7:36am
103,Lepreuchaun,(S.W. 40th St),7305 Bird Dr. ,Miami,FL,,Bars/Clubs,,,8/31/2019 12:07pm,9/9/2019 7:36am
104,Little Tiki,,168 Coral Way,Miami,FL,"""(G) - Girls, but seldom exclusively"",""(R) - Restaurant, usually serving dinner. A '*' after this symbol does not necessarily indicate quality of food served, but popularity of the place. """,Bars/Clubs,,,8/31/2019 12:07pm,9/9/2019 7:36am
105,Metropolitan Community Church,,3901 N.W. 2nd Ave,Miami,FL,,Church,,,8/31/2019 12:07pm,9/9/2019 7:36am
107,Odds & Ends II,(US Hwy 1),1416 S. Federal Hwy.,Ft. Lauderdale,FL,"""(G) - Girls, but seldom exclusively""",Bars/Clubs,,,9/4/2019 7:27am,9/9/2019 7:36am
108,Nook Beer Bar,(closes 12pm) (Coral Gables),255 Minorca ,Miami,FL,(D) - Dancing,Bars/Clubs,,,9/4/2019 8:26am,9/4/2019 10:50am
109,Regency Health Center Baths,(upstairs),5 S.W. 2nd Ave.,Miami,FL,,Baths,,,9/4/2019 8:26am,9/7/2019 11:14am
110,Studio,,2340 S.W. 32nd Ave,Miami,FL,"""(R) - Restaurant, usually serving dinner. A '*' after this symbol does not necessarily indicate quality of food served, but popularity of the place. "",(*) - Very popular",Restaurant,,,9/4/2019 8:26am,9/4/2019 10:50am
111,Tool Room,(enter thru parking lot in rear of Warhouse VIII),2600 S.W. 8th St.,Miami,FL,"""(SM) - Some motorcycle. Don't confuse with 'M-S,' which means mixed crowds - shows. "",(*) - Very popular",Bars/Clubs,,,9/4/2019 8:26am,9/4/2019 10:50am
112,Warehouse,"('Fantastic Complex' which includes main bar on 8th st, Tool Room (SM), Cabaret Showbar (S), & Rooftop bar upstairs with separate entrance on 36th St. Huge Parking lot in rear could also be listed under 'cruisy areas.' Open til 5am.)",3600 S.W. 8th St.,Miami,FL,"(YC) - Young and/or collegiate types,(*) - Very popular","Bars/Clubs,Cruising Areas",,,9/4/2019 8:26am,12/7/2019 2:28pm
118,Alley Room Lounge,"(behind South Wind -- enter thru parking lot in rear)
",1685 Alton Rd.,Miami Beach,FL,"(S) - Shows - impersonators or record pantomime acts - often touristy,(*) - Very popular",Bars/Clubs,,,9/4/2019 8:26am,9/4/2019 10:50am
119,Ambassadors III,,427 22nd St.,Miami Beach,FL,"""(R) - Restaurant, usually serving dinner. A '*' after this symbol does not necessarily indicate quality of food served, but popularity of the place. "",(YC) - Young and/or collegiate types,(D) - Dancing,(*) - Very popular",Restaurant,,,9/4/2019 8:26am,9/4/2019 10:50am
120,Basin Street,,1610 Alton Rd.,Miami Beach,FL,(D) - Dancing,Bars/Clubs,,,9/4/2019 8:26am,9/4/2019 10:50am
121,Freddie's Piano Lounge,(side entrance behind 'Wild Bills'),323 23rd St.,Miami Beach,FL,,Bars/Clubs,,,9/4/2019 8:26am,9/4/2019 10:50am
123,Garden Gate,(same bldg. as 'Nite Owl' & 'Pin Up'),2232 Park Ave.,Miami Beach,FL,"""(R) - Restaurant, usually serving dinner. A '*' after this symbol does not necessarily indicate quality of food served, but popularity of the place. """,Restaurant,,,9/4/2019 8:26am,9/4/2019 10:50am
124,Mayflower Lounge,(go thru front bar to back room),1716 Alton Rd. ,Miami Beach,FL,"(YC) - Young and/or collegiate types,(D) - Dancing",Bars/Clubs,,,9/4/2019 8:26am,9/4/2019 10:50am
125,Mini Adult Theatre,,7321 Collins Ave.,Miami Beach,FL,,Theatre,,,9/4/2019 8:26am,9/4/2019 10:50am
126,Miss Kay's & Maria's ,(behind 'Wild Bills' & 'Freddies') ,323 23rd St.,Miami Beach,FL,"""(G) - Girls, but seldom exclusively"",(D) - Dancing,(*) - Very popular",Bars/Clubs,,,9/4/2019 8:26am,9/4/2019 10:50am
127,Neil's,,1675 Alton Rd.,Miami Beach,FL,"""(R) - Restaurant, usually serving dinner. A '*' after this symbol does not necessarily indicate quality of food served, but popularity of the place. "",""(C) - Coffee, soft drinks and sometimes snacks"",(M) - Mixed Crowds",Restaurant,,,9/4/2019 8:26am,9/4/2019 10:50am
128,Nite Owl,"(next to 'Pin Up')
",2228 Park Ave.,Miami Beach,FL,,Bars/Clubs,,,9/4/2019 8:26am,9/4/2019 10:50am
129,Pin Up,,2228 Park Ave.,Miami Beach,FL,(*) - Very popular,Bars/Clubs,,,9/4/2019 8:26am,9/4/2019 10:50am
130,Stonewall,(off collins),211 22nd ,Miami Beach,FL,"(YC) - Young and/or collegiate types,(D) - Dancing,(*) - Very popular",Bars/Clubs,,,9/4/2019 8:26am,9/4/2019 10:50am
131,21st St. Art Theatre,,2039 Collins,Miami Beach,FL,,Theatre,,,9/4/2019 8:26am,9/4/2019 10:50am
134,Book Worm,(book store),101 N. Orange Ave,Orlando,FL,,Book Store,,,9/4/2019 8:26am,9/4/2019 10:50am
135,Cactus Room ,,121 N. Bumby,Orlando,FL,"(YC) - Young and/or collegiate types,(D) - Dancing,(S) - Shows - impersonators or record pantomime acts - often touristy,(*) - Very popular",Bars/Clubs,,,9/4/2019 8:26am,9/4/2019 10:50am
136,Odds & Ends Tavern,"(only place open on sundays)
",4910 Edgewater Dr. ,Orlando,FL,,Bars/Clubs,,,9/4/2019 8:26am,9/4/2019 10:50am
137,Orlando Book Mart,,1104 E. Colonial Dr. ,Orlando,FL,,Book Store,,,9/4/2019 8:26am,9/4/2019 10:50am
138,Palace Club,"(open Wed. to Sat., BYOB)",1000 Humphries,Orlando,FL,"(BYOB) - Bring your own bottle,(P) - Private club - Inquire locally to admission,(YC) - Young and/or collegiate types,(D) - Dancing,""(G) - Girls, but seldom exclusively"",(*) - Very popular",Bars/Clubs,,,9/4/2019 8:26am,9/4/2019 10:50am
140,Fiesta Room,,110 Harrison Ave,Panama City,FL,(*) - Very popular,Bars/Clubs,,,9/4/2019 8:26am,9/7/2019 11:16am
141,Bill's News Stand,"San Carlos Hotel
",1 N. Palafox,Pensacola,FL,,"Hotels,Book Store",,,9/4/2019 8:26am,9/4/2019 10:50am
142,Cagle's,(after hours),1918 W. Cervantes,Pensacola,FL,"(M) - Mixed Crowds,""(R) - Restaurant, usually serving dinner. A '*' after this symbol does not necessarily indicate quality of food served, but popularity of the place. "",""(C) - Coffee, soft drinks and sometimes snacks""",Restaurant,,,9/4/2019 8:26am,9/7/2019 11:15am
143,Ray Crawford's,(after hours),721 E. Gregory,Pensacola,FL,"(D) - Dancing,(S) - Shows - impersonators or record pantomime acts - often touristy",Bars/Clubs,,,9/4/2019 8:26am,9/7/2019 11:16am
144,Robbie's Yum Yum Tree West,,3006 E. Cervantes,Pensacola,FL,"(D) - Dancing,(S) - Shows - impersonators or record pantomime acts - often touristy,(*) - Very popular",Bars/Clubs,,,9/4/2019 8:26am,9/7/2019 11:16am
145,Ted's Place,,6120 Lillian Hwy,Pensacola,FL,"""(G) - Girls, but seldom exclusively"",(RT) - 'Raunchy types' - downtown type places - often hustlers",Bars/Clubs,,,9/4/2019 8:26am,9/7/2019 11:16am
146,Top of the Town,San Carlos Hotel,1 N. Palafox,Pensacola,FL,"(D) - Dancing,(*) - Very popular","Bars/Clubs,Hotels",,,9/4/2019 8:26am,9/4/2019 10:50am
147,Trader Jon's,(may be closing in '73),511 N. Palafox,Pensacola,FL,(M) - Mixed Crowds,Bars/Clubs,,,9/4/2019 8:26am,9/7/2019 11:16am
150,Tradewinds,,124 Charlotte,St. Augustine,FL,(M) - Mixed Crowds,Bars/Clubs,,,9/4/2019 8:26am,9/4/2019 10:50am
151,White Lion,,20 Cuna,St. Augustine,FL,"(M) - Mixed Crowds,""(R) - Restaurant, usually serving dinner. A '*' after this symbol does not necessarily indicate quality of food served, but popularity of the place. """,Restaurant,,,9/4/2019 8:26am,9/4/2019 10:50am
152,Back door,"(use rear door) (Madeira Beach)
",14601 Gulf Blvd,St. Petersburg,FL,(M) - Mixed Crowds,Bars/Clubs,,,9/4/2019 8:26am,9/4/2019 10:50am
153,Jack's 809 Club,(St. Petersburg Beach),809 Gulf Blvd.,St. Petersburg,FL,"(P) - Private club - Inquire locally to admission,(HIP) - Heads frequent,(YC) - Young and/or collegiate types,(D) - Dancing,(S) - Shows - impersonators or record pantomime acts - often touristy,(*) - Very popular",Bars/Clubs,,,9/4/2019 8:26am,9/4/2019 10:50am
154,Patio Inn,,6101 4th St. N.,St. Petersburg,FL,"(M) - Mixed Crowds,""(G) - Girls, but seldom exclusively""",Bars/Clubs,,,9/4/2019 8:26am,9/4/2019 10:50am
155,Sherwood,,7 N. 1st St. ,St. Petersburg,FL,(*) - Very popular,Bars/Clubs,,,9/4/2019 8:26am,9/4/2019 10:50am
157,Mermaid,(back room at Vic's (M)) (open till 5am -- use back door),101 N.E. 2nd Ave,Miami,FL,(RT) - 'Raunchy types' - downtown type places - often hustlers,Bars/Clubs,,,9/4/2019 8:36am,9/4/2019 10:50am
158,Kork 'n' Kettle,,7603 S. Tamiana Trail,Sarasota,FL,(*) - Very popular,Bars/Clubs,,,9/4/2019 9:25am,9/4/2019 10:50am
159,Landchess Lounge,Hotel Sarasota,1335 Main St.,Sarasota,FL,(M) - Mixed Crowds,"Bars/Clubs,Hotels",,,9/4/2019 9:25am,9/4/2019 10:50am
160,Poor Boy Sandwich Shop,(no booze -- after hours),6575 Gateway Ave. ,Sarasota,FL,"(P) - Private club - Inquire locally to admission,""(R) - Restaurant, usually serving dinner. A '*' after this symbol does not necessarily indicate quality of food served, but popularity of the place. "",""(C) - Coffee, soft drinks and sometimes snacks""",Restaurant,,,9/4/2019 9:25am,9/4/2019 10:50am
163,Sam's Submarines and Sandwiches,(behind Aubrey BP Gas Station),1843 Thomasville Rd,Tallahassee,FL,"""(R) - Restaurant, usually serving dinner. A '*' after this symbol does not necessarily indicate quality of food served, but popularity of the place. "",(YC) - Young and/or collegiate types,""(G) - Girls, but seldom exclusively"",(D) - Dancing","Restaurant,Bars/Clubs",,,9/4/2019 9:25am,9/4/2019 10:50am
164,Book Exchange ,,3928 W. Kennedy,Tampa,FL,,Book Store,,,9/4/2019 9:25am,9/4/2019 10:50am
165,Carousel,($1 admission weekends),1806 W. Platt St,Tampa,FL,"(YC) - Young and/or collegiate types,(D) - Dancing,(*) - Very popular",Bars/Clubs,,,9/4/2019 9:25am,9/4/2019 10:50am
166,Club Tampa Baths,,215 N. 11th St,Tampa,FL,(*) - Very popular,Baths,,,9/4/2019 9:25am,9/4/2019 10:50am
167,Cucujo's,,1725 W. Kennedy Bl. ,Tampa,FL,"(M) - Mixed Crowds,""(G) - Girls, but seldom exclusively"",(RT) - 'Raunchy types' - downtown type places - often hustlers,(S) - Shows - impersonators or record pantomime acts - often touristy",Bars/Clubs,,,9/4/2019 9:25am,9/4/2019 10:50am
168,Denny's,(after hours),102 Parker,Tampa,FL,"(M) - Mixed Crowds,""(R) - Restaurant, usually serving dinner. A '*' after this symbol does not necessarily indicate quality of food served, but popularity of the place. "",""(C) - Coffee, soft drinks and sometimes snacks""",Restaurant,,,9/4/2019 9:25am,9/4/2019 10:50am
169,Golden Anchor,,4504 W. Kennedy Blvd,Tampa,FL,(M) - Mixed Crowds,Bars/Clubs,,,9/4/2019 9:25am,9/4/2019 10:50am
170,Horny Bull,(Thurs. to Sun. only -- 'teenie boppers'),1000-A Florida Ave,Tampa,FL,"(YC) - Young and/or collegiate types,(D) - Dancing,(*) - Very popular",Bars/Clubs,,,9/4/2019 9:25am,9/4/2019 10:50am
171,Kikiki,(some RT),723 Morgan,Tampa,FL,"(RT) - 'Raunchy types' - downtown type places - often hustlers,(*) - Very popular",Bars/Clubs,,,9/4/2019 9:25am,9/4/2019 10:50am
172,Metropolitan Community Church,,2904 Concordia ,Tampa,FL,,Church,,,9/4/2019 9:25am,9/4/2019 10:50am
173,Rene's ,,2605 W. Kennedy,Tampa,FL,"(YC) - Young and/or collegiate types,(D) - Dancing,(*) - Very popular",Bars/Clubs,,,9/4/2019 9:25am,9/4/2019 10:50am
178,Turf South,,221 Datura,West Palm Beach,FL,(*) - Very popular,Bars/Clubs,,,9/4/2019 9:25am,9/4/2019 10:50am
179,Turf North,,1901 N. Dixie Hwy,West Palm Beach,FL,"(D) - Dancing,""(G) - Girls, but seldom exclusively""",Bars/Clubs,,,9/4/2019 9:25am,9/4/2019 10:50am
180,Turf West,,823 Belvedere,West Palm Beach,FL,"(YC) - Young and/or collegiate types,(D) - Dancing,(*) - Very popular",Bars/Clubs,,,9/4/2019 9:25am,9/4/2019 10:50am
183,Harper's,,539 W. Fairbanks,Winter Park,FL,"(YC) - Young and/or collegiate types,(*) - Very popular",Bars/Clubs,,,9/4/2019 9:25am,9/4/2019 9:29am
184,Chateau,,221 Cordelle Rd,Albany,GA,,Bars/Clubs,,,9/4/2019 9:25am,9/4/2019 10:49am
186,Armory ,(nr 6th),834 Juniper N.E. ,Atlanta,GA,"(PE) - Pretty elegant - jacket & tie may be required,(*) - Very popular",Bars/Clubs,,,9/4/2019 9:25am,9/4/2019 10:49am
187,Atlanta Stag Shop,,85 Poplar St. ,Atlanta,GA,,Book Store,,,9/4/2019 9:25am,9/4/2019 10:49am
188,Blue Room,,86 Cain N.W. ,Atlanta,GA,"(B) - Blacks frequent,(RT) - 'Raunchy types' - downtown type places - often hustlers,(*) - Very popular",Bars/Clubs,,,9/4/2019 9:25am,9/4/2019 10:49am
189,Cameo,"(at Cain N.W.)
",188 Williams ,Atlanta,GA,"(RT) - 'Raunchy types' - downtown type places - often hustlers,(*) - Very popular",Bars/Clubs,,,9/4/2019 9:25am,9/4/2019 10:49am
190,Club South Baths,,76 4th St N.W. ,Atlanta,GA,(*) - Very popular,Baths,,,9/4/2019 9:25am,9/4/2019 10:49am
191,Cove,,586 Worchester Dr. N.E.,Atlanta,GA,"(YC) - Young and/or collegiate types,(D) - Dancing,(*) - Very popular",Bars/Clubs,,,9/4/2019 9:25am,9/4/2019 10:49am
192,Kitten's Korner,,19 16th St,Savannah Beach,GA,(M) - Mixed Crowds,Bars/Clubs,,,9/4/2019 9:25am,9/9/2019 7:36am
193,Novelty Bar,,16th St,Savannah Beach,GA,(M) - Mixed Crowds,Bars/Clubs,,,9/4/2019 9:25am,9/9/2019 7:36am
197,Dupree's Tavern,,716 Ponce de Leon,Atlanta,GA,"""(G) - Girls, but seldom exclusively"",(RT) - 'Raunchy types' - downtown type places - often hustlers",Bars/Clubs,,,9/4/2019 9:50am,9/4/2019 10:49am
200,Gay Paree Cinema,(Theatre),90 Walton St. N.W.,Atlanta,GA,,Theatre,,,9/4/2019 9:50am,9/4/2019 10:49am
201,Gene & Gabes,,1578 Piedmont Ave. N.E.,Atlanta,GA,"(PE) - Pretty elegant - jacket & tie may be required,""(R) - Restaurant, usually serving dinner. A '*' after this symbol does not necessarily indicate quality of food served, but popularity of the place. "",(BYOB) - Bring your own bottle",Restaurant,,,9/4/2019 9:50am,9/4/2019 10:49am
202,International House of Pancakes ,"(at monroe) (BYOB on SUn.)
",1516 Piedmont Ave N.E.,Atlanta,GA,"(M) - Mixed Crowds,""(R) - Restaurant, usually serving dinner. A '*' after this symbol does not necessarily indicate quality of food served, but popularity of the place. """,Restaurant,,,9/4/2019 9:50am,9/4/2019 10:49am
203,Mama Mia,,1037 Peachtree,Atlanta,GA,"(M) - Mixed Crowds,""(R) - Restaurant, usually serving dinner. A '*' after this symbol does not necessarily indicate quality of food served, but popularity of the place. """,Restaurant,,,9/4/2019 9:50am,9/4/2019 10:49am
204,Metropolitan Community Church,"(Decatur)
",527 N. McDonough St.,Atlanta,GA,,Church,,,9/4/2019 9:50am,9/4/2019 10:49am
205,Mrs. B's Book Store,,32 Cain St. ,Atlanta,GA,,Book Store,,,9/4/2019 9:50am,9/4/2019 10:49am
206,Mrs. P's,Ponce de Leon Hotel ,551 Ponce de Leon N.E.,Atlanta,GA,(D) - Dancing,"Bars/Clubs,Hotels",,,9/4/2019 9:50am,9/4/2019 10:49am
207,My House,,774 W. Peachtree,Atlanta,GA,"(B) - Blacks frequent,(HIP) - Heads frequent,(RT) - 'Raunchy types' - downtown type places - often hustlers,(S) - Shows - impersonators or record pantomime acts - often touristy,(*) - Very popular",Bars/Clubs,,,9/4/2019 9:50am,9/4/2019 10:49am
208,Onyx,"(good afternoons -- when open -- on again-off again)
",341 W. Peachtree St. N.W.,Atlanta,GA,(D) - Dancing,Bars/Clubs,,,9/4/2019 9:50am,9/4/2019 10:49am
210,Prince George's Inn,,114 6th St. N.E.,Atlanta,GA,"(PE) - Pretty elegant - jacket & tie may be required,""(R) - Restaurant, usually serving dinner. A '*' after this symbol does not necessarily indicate quality of food served, but popularity of the place. """,Restaurant,,,9/4/2019 9:50am,9/4/2019 10:49am
211,Richards,(The old Rathskeller -- supposedly reopenig June '73),931 Monroe Dr. N.E.,Atlanta,GA,,Bars/Clubs,,,9/4/2019 9:50am,9/4/2019 10:49am
212,Riviera Hyatt House Bar,,1630 Peachtree St. N.W. ,Atlanta,GA,"(M) - Mixed Crowds,(PE) - Pretty elegant - jacket & tie may be required","Hotels,Bars/Clubs",,,9/4/2019 9:50am,9/4/2019 10:49am
213,Sweet Gum Head,,2284 Cheshire Bridge Rd N.E. ,Atlanta,GA,"(YC) - Young and/or collegiate types,(D) - Dancing,(S) - Shows - impersonators or record pantomime acts - often touristy,""(G) - Girls, but seldom exclusively""",Bars/Clubs,,,9/4/2019 9:50am,9/4/2019 10:49am
215,Wits End,at Spring N.W.,60 5th St,Atlanta,GA,"(M) - Mixed Crowds,(PE) - Pretty elegant - jacket & tie may be required",Bars/Clubs,,,9/4/2019 9:50am,9/9/2019 7:37am
217,Play Pen,in alley,619 Ellis St,Atlanta,GA,(*) - Very popular,Bars/Clubs,,,9/4/2019 9:50am,9/9/2019 7:37am
219,Rebel Room,,1001 Greene,Atlanta,GA,(M) - Mixed Crowds,Bars/Clubs,,,9/4/2019 9:50am,9/9/2019 7:37am
220,Ann's Tic Toc,,408 Broadway,Macon,GA,"(D) - Dancing,(*) - Very popular",Bars/Clubs,,,9/4/2019 9:50am,9/9/2019 7:37am
221,We Three Lounge,,434 Cotton Ave,Macon,GA,,Bars/Clubs,,,9/4/2019 9:50am,9/9/2019 7:37am
222,Basement,at Charlton,340 Bull St,Savannah,GA,"(D) - Dancing,(*) - Very popular",Bars/Clubs,,,9/4/2019 9:50am,9/9/2019 7:37am
223,Bayshore Steam Baths,"at Habersham. (Sun. from 1pm, closes 11pm daily)",403 E. Bay ,Savannah,GA,(*) - Very popular,Baths,,,9/4/2019 9:50am,9/9/2019 7:37am
224,Harborside,,401 E. River,Savannah,GA,"(M) - Mixed Crowds,(PE) - Pretty elegant - jacket & tie may be required",Bars/Clubs,,,9/4/2019 9:50am,9/9/2019 7:37am
225,Johnnie Ganem's,(after hours),501 Habersham,Savannah,GA,"(M) - Mixed Crowds,""(R) - Restaurant, usually serving dinner. A '*' after this symbol does not necessarily indicate quality of food served, but popularity of the place. "",""(C) - Coffee, soft drinks and sometimes snacks""",Restaurant,,,9/4/2019 9:50am,9/9/2019 7:37am
226,Office Lounge,"Drayton Arms, Liberty at Drayton",102 E Liberty St,Savannah,GA,(M) - Mixed Crowds,Bars/Clubs,,address looked up by MR 9/5/19,9/4/2019 9:50am,9/9/2019 7:37am
227,Planters Tavern,(downstairs below pink house restaurant),23 Abercorn St,Savannah,GA,"(M) - Mixed Crowds,(*) - Very popular",Bars/Clubs,,,9/4/2019 9:50am,9/9/2019 7:37am
235,Foxey's Hound,(after hours),575 New Circle Road N.E.,Lexington,KY,"(M) - Mixed Crowds,""(R) - Restaurant, usually serving dinner. A '*' after this symbol does not necessarily indicate quality of food served, but popularity of the place. "",""(C) - Coffee, soft drinks and sometimes snacks"",(YC) - Young and/or collegiate types",Restaurant,,,9/5/2019 12:12pm,9/9/2019 7:37am
237,Living Room,(closes 1am),224 E. Main St,Lexington,KY,"(YC) - Young and/or collegiate types,(D) - Dancing,(*) - Very popular",Bars/Clubs,,,9/5/2019 12:39pm,9/9/2019 7:37am
238,Badlands Territory,(new -- looks promising),116 E. Main St,Louisville,KY,"(YC) - Young and/or collegiate types,(D) - Dancing,(*) - Very popular",Bars/Clubs,,,9/5/2019 12:39pm,9/9/2019 7:37am
239,Dobbs House,(after hours),1136 S. 4th St.,Louisville,KY,"(M) - Mixed Crowds,(YC) - Young and/or collegiate types,""(R) - Restaurant, usually serving dinner. A '*' after this symbol does not necessarily indicate quality of food served, but popularity of the place. "",""(C) - Coffee, soft drinks and sometimes snacks""",Restaurant,,,9/5/2019 12:39pm,9/9/2019 7:37am
240,Downtowner,(open afternoons),320 W. Chestnut,Louisville,KY,"(D) - Dancing,(*) - Very popular",Bars/Clubs,,,9/5/2019 12:39pm,9/9/2019 7:37am
241,Julep Lounge,,655 S. 4th St. ,Louisville,KY,"(D) - Dancing,(YC) - Young and/or collegiate types,""(G) - Girls, but seldom exclusively"",(*) - Very popular",Bars/Clubs,,,9/5/2019 12:39pm,9/9/2019 7:37am
242,Leo's,(after hours),303 W. Chestnut,Louisville,KY,"(M) - Mixed Crowds,""(R) - Restaurant, usually serving dinner. A '*' after this symbol does not necessarily indicate quality of food served, but popularity of the place. "",""(C) - Coffee, soft drinks and sometimes snacks""",Restaurant,,,9/5/2019 12:39pm,9/9/2019 7:37am
243,Queen Bee,,730 Logan,Louisville,KY,"(P) - Private club - Inquire locally to admission,(D) - Dancing,(*) - Very popular",Bars/Clubs,,,9/5/2019 12:39pm,9/9/2019 7:37am
244,Windsor Hotel Steam Baths,,926 S. 5th St.,Louisville,KY,,"Baths,Hotels",,,9/5/2019 12:39pm,12/7/2019 2:22pm
245,Western Pancake House,(after hours),912 E. Broadway,Louisville,KY,"(M) - Mixed Crowds,""(R) - Restaurant, usually serving dinner. A '*' after this symbol does not necessarily indicate quality of food served, but popularity of the place. "",""(C) - Coffee, soft drinks and sometimes snacks""",Restaurant,,,9/5/2019 12:39pm,9/9/2019 7:37am
255,Ursuline's Guest House,,708 Ursulines Ave,New Orleans,LA,"""(H) - Hotel, motel, or other overnight accomodations""",Hotels,,,9/5/2019 12:39pm,9/7/2019 8:45am
256,Vickie's ,,541 Decatur St.,New Orleans,LA,"(RT) - 'Raunchy types' - downtown type places - often hustlers,""(G) - Girls, but seldom exclusively""",Bars/Clubs,,,9/5/2019 12:39pm,9/7/2019 9:25am
257,Wanda's,,704 Iberville,New Orleans,LA,(RT) - 'Raunchy types' - downtown type places - often hustlers,Bars/Clubs,,,9/5/2019 12:39pm,9/7/2019 9:25am
258,Wanda Stumpf's Lounge,,820 N. Rampart St.,New Orleans,LA,,Bars/Clubs,,,9/5/2019 12:39pm,9/7/2019 9:25am
259,Howard Johnson's Motel Bar,,700 MacArthur Drive,Alexandria,LA,(M) - Mixed Crowds,"Hotels,Bars/Clubs",,,9/7/2019 8:13am,9/7/2019 8:14am
261,George's Place,,860 St. Louis St.,Baton Rouge,LA,(D) - Dancing,Bars/Clubs,,,9/7/2019 8:13am,9/9/2019 7:37am
262,Mirror Lounge,,311 North Bl.,Baton Rouge,LA,"(D) - Dancing,(*) - Very popular",Bars/Clubs,,,9/7/2019 8:13am,9/9/2019 7:37am
263,C'Est la Guerre,(may be closing),206 E. Vermilion,Lafayette,LA,"(YC) - Young and/or collegiate types,(S) - Shows - impersonators or record pantomime acts - often touristy",Bars/Clubs,,,9/7/2019 8:13am,9/9/2019 7:37am
265,Misty Lounge,,2915 Legion,Lake Charles,LA,(M) - Mixed Crowds,Bars/Clubs,,,9/7/2019 8:13am,9/9/2019 7:37am
267,Anita's,,514 Ursulines,New Orleans,LA,"""(G) - Girls, but seldom exclusively"",(RT) - 'Raunchy types' - downtown type places - often hustlers",Bars/Clubs,,,9/7/2019 8:13am,9/9/2019 7:37am
268,Annex,,740 Burgundy St. ,New Orleans,LA,(B) - Blacks frequent,Bars/Clubs,,,9/7/2019 8:13am,9/9/2019 7:37am
269,Bank Theatre & Book Store,,941 Decatur St.,New Orleans,LA,,"Theatre,Book Store",,,9/7/2019 8:13am,9/9/2019 7:37am
270,Brady's,,700 N. Rampart St.,New Orleans,LA,"(D) - Dancing,""(G) - Girls, but seldom exclusively"",(*) - Very popular",Bars/Clubs,,,9/7/2019 8:13am,9/9/2019 7:37am
271,Burgundy House,(sometimes open weekends only),704 Burgundy St. ,New Orleans,LA,"""(G) - Girls, but seldom exclusively""",Bars/Clubs,,,9/7/2019 8:13am,9/9/2019 7:37am
273,Canal Baths,,512 Gravier St.,New Orleans,LA,,Baths,,,9/7/2019 8:13am,9/9/2019 7:37am
274,Caverns,(best late),801 Bourbon St.,New Orleans,LA,"(HIP) - Heads frequent,(YC) - Young and/or collegiate types,(B) - Blacks frequent,(RT) - 'Raunchy types' - downtown type places - often hustlers,(D) - Dancing,(*) - Very popular",Bars/Clubs,,,9/7/2019 8:13am,9/9/2019 7:37am
275,Ched's,,4139 St. Charles Ave.,New Orleans,LA,"(M) - Mixed Crowds,""(R) - Restaurant, usually serving dinner. A '*' after this symbol does not necessarily indicate quality of food served, but popularity of the place. """,Restaurant,,,9/7/2019 8:13am,9/9/2019 7:37am
276,Club New Orleans Baths,,512 Toulouse Ave,New Orleans,LA,(*) - Very popular,Baths,,,9/7/2019 8:13am,9/9/2019 7:37am
277,Emy's ,,918 Royal St.,New Orleans,LA,"""(R) - Restaurant, usually serving dinner. A '*' after this symbol does not necessarily indicate quality of food served, but popularity of the place. """,Restaurant,,,9/7/2019 8:13am,9/9/2019 7:37am
278,Fatted Calf,,727 St. Peter St.,New Orleans,LA,"(M) - Mixed Crowds,(*) - Very popular,""(R) - Restaurant, usually serving dinner. A '*' after this symbol does not necessarily indicate quality of food served, but popularity of the place. """,Restaurant,,,9/7/2019 8:13am,9/9/2019 7:37am
279,Finale II,,642 N. Rampart St.,New Orleans,LA,(*) - Very popular,Bars/Clubs,,,9/7/2019 8:13am,9/9/2019 7:37am
280,Galley House,,542 Chartres St.,New Orleans,LA,(*) - Very popular,Bars/Clubs,,,9/7/2019 8:13am,9/9/2019 7:37am
281,Gene's Hide-a-way,,608 Iberville,New Orleans,LA,(RT) - 'Raunchy types' - downtown type places - often hustlers,Bars/Clubs,,,9/7/2019 8:13am,9/9/2019 7:37am
282,Gertrude's,,125 Chartres St.,New Orleans,LA,,Bars/Clubs,,,9/7/2019 8:13am,9/9/2019 7:37am
283,Golden Lantern,,1239 Royal St. ,New Orleans,LA,,Bars/Clubs,,,9/7/2019 8:13am,9/9/2019 7:37am
285,jeramiah's,,501 Dauphine St,New Orleans,LA,"(M) - Mixed Crowds,""(R) - Restaurant, usually serving dinner. A '*' after this symbol does not necessarily indicate quality of food served, but popularity of the place. """,Bars/Clubs,,,9/7/2019 8:13am,9/7/2019 9:26am
286,Kitty's 'Grog',,718 Rampart St.,New Orleans,LA,(*) - Very popular,Bars/Clubs,,,9/7/2019 8:13am,9/7/2019 9:26am
287,Kitty's Kitchen,,728 N. Rampart St,New Orleans,LA,"""(R) - Restaurant, usually serving dinner. A '*' after this symbol does not necessarily indicate quality of food served, but popularity of the place. """,Restaurant,,,9/7/2019 8:13am,9/7/2019 8:43am
288,Lafitte's in Exile,,901 Bourbon St.,New Orleans,LA,(*) - Very popular,Bars/Clubs,,,9/7/2019 8:13am,9/7/2019 9:26am
290,Marti's,,1041 Dumaine St.,New Orleans,LA,"(M) - Mixed Crowds,""(R) - Restaurant, usually serving dinner. A '*' after this symbol does not necessarily indicate quality of food served, but popularity of the place. """,Restaurant,,,9/7/2019 8:13am,9/7/2019 8:44am
291,Maxey's Coffee Pot,,714 St. Peter St.,New Orleans,LA,"""(R) - Restaurant, usually serving dinner. A '*' after this symbol does not necessarily indicate quality of food served, but popularity of the place. """,Restaurant,,,9/7/2019 8:13am,9/7/2019 8:44am
292,Metropolitan Community Church,,1375 Magazine St.,New Orleans,LA,,Church,,,9/7/2019 8:13am,9/7/2019 8:44am
293,My-O-My Club,(touristy),940 Conti St.,New Orleans,LA,"(M) - Mixed Crowds,(S) - Shows - impersonators or record pantomime acts - often touristy",Bars/Clubs,,,9/7/2019 8:13am,9/7/2019 9:26am
294,Noble Arms Guest House,,1006 Royal St.,New Orleans,LA,"""(H) - Hotel, motel, or other overnight accomodations""",Hotels,,,9/7/2019 8:13am,9/7/2019 8:44am
295,Pete's '800',(unisex),800 Bourbon St.,New Orleans,LA,"(HIP) - Heads frequent,(YC) - Young and/or collegiate types,(D) - Dancing",Bars/Clubs,,,9/7/2019 8:13am,9/7/2019 9:25am
296,Powder Puff Revue,(touristy),321 Bourbon St.,New Orleans,LA,"(M) - Mixed Crowds,(S) - Shows - impersonators or record pantomime acts - often touristy",Bars/Clubs,,,9/7/2019 8:13am,9/7/2019 9:26am
297,Quarter Horse,,507 St. Louis St.,New Orleans,LA,"""(G) - Girls, but seldom exclusively""",Bars/Clubs,,,9/7/2019 8:13am,9/7/2019 9:26am
298,Rod's Bar,"(on again, off again)",625 St. Phillip St.,New Orleans,LA,,Bars/Clubs,,,9/7/2019 8:13am,9/7/2019 9:26am
299,Safari Lounge,(upstairs),704 Iberville St.,New Orleans,LA,"(B) - Blacks frequent,(RT) - 'Raunchy types' - downtown type places - often hustlers",Bars/Clubs,,,9/7/2019 8:13am,9/7/2019 9:26am
300,Society Page,('Mom's'),819 St. Louis St.,New Orleans,LA,"(RT) - 'Raunchy types' - downtown type places - often hustlers,(*) - Very popular",Bars/Clubs,,,9/7/2019 8:13am,9/7/2019 9:26am
301,Street Car,(upstairs -- above Lafitte's),901 Bourbon St.,New Orleans,LA,"""(R) - Restaurant, usually serving dinner. A '*' after this symbol does not necessarily indicate quality of food served, but popularity of the place. "",(*) - Very popular",Restaurant,,,9/7/2019 8:13am,9/7/2019 8:45am
302,Super Baths ,,700 O'Keefe,New Orleans,LA,(*) - Very popular,Baths,,,9/7/2019 8:13am,9/7/2019 8:45am
304,Upstairs,,604 Iberville St.,New Orleans,LA,"(D) - Dancing,(*) - Very popular",Bars/Clubs,,,9/7/2019 8:13am,9/7/2019 9:25am
309,Bobby's Korner,,800 Louisiana ,Shreveport,LA,,Bars/Clubs,,,9/7/2019 8:33am,9/7/2019 9:25am
310,Florentien Club II,,728 Austin Pl.,Shreveport,LA,"(P) - Private club - Inquire locally to admission,(YC) - Young and/or collegiate types,(D) - Dancing,(S) - Shows - impersonators or record pantomime acts - often touristy,""(R) - Restaurant, usually serving dinner. A '*' after this symbol does not necessarily indicate quality of food served, but popularity of the place. "",""(G) - Girls, but seldom exclusively""","Restaurant,Bars/Clubs",,,9/7/2019 8:33am,9/7/2019 8:48am
311,Western Hills Motel Bar,"(weekends -- only at bar)
(Bosier City)",3515 E. Texas,Shreveport,LA,(M) - Mixed Crowds,"Hotels,Bars/Clubs",,,9/7/2019 8:33am,9/7/2019 8:48am
312,Mary Mahoney's Old French House,,138 Magnolia St,Biloxi,MS,"(M) - Mixed Crowds,(PE) - Pretty elegant - jacket & tie may be required,""(R) - Restaurant, usually serving dinner. A '*' after this symbol does not necessarily indicate quality of food served, but popularity of the place. """,Restaurant,,,9/7/2019 8:33am,9/7/2019 9:22am
316,Rib Room,(Hwy. 49),2610 25th Ave,Gulfport,MS,(M) - Mixed Crowds,Bars/Clubs,,,9/7/2019 8:46am,9/7/2019 9:22am
317,Jim's Place,(Key Club),26 Gulfport,Gulfport,MS,(P) - Private club - Inquire locally to admission,Bars/Clubs,,,9/7/2019 8:46am,9/7/2019 9:22am
319,Downtowner Motel Bar,,225 E. Capitol,Jackson,MS,"(M) - Mixed Crowds,(PE) - Pretty elegant - jacket & tie may be required","Hotels,Bars/Clubs",,,9/7/2019 8:46am,9/7/2019 9:22am
322,Sun-N-Sand Motel Bar,,401 N. Lamar St.,Jackson,MS,(M) - Mixed Crowds,"Bars/Clubs,Hotels",,,9/7/2019 8:46am,12/7/2019 2:23pm
323,Back Door Lounge,(back of Davis Grill),606 22nd Ave.,Meridian,MS,(M) - Mixed Crowds,Bars/Clubs,,,9/7/2019 8:46am,9/7/2019 9:23am
325,Holiday Inn Bar,,400 N. Lamar,Oxford,MS,(M) - Mixed Crowds,"Bars/Clubs,Hotels",,,9/7/2019 8:46am,9/7/2019 9:23am
329,B.J.'s ,,80 Asheland Ave,Asheville,NC,(P) - Private club - Inquire locally to admission,Bars/Clubs,,,9/7/2019 8:46am,9/7/2019 9:25am
330,Flaming Ember Lounge,,231 Patton Ave,Asheville,NC,"(P) - Private club - Inquire locally to admission,(D) - Dancing,(*) - Very popular",Bars/Clubs,,,9/7/2019 8:46am,9/7/2019 9:25am
332,Pegasus,,452 1/2 W. Franklin St.,Chapel Hill,NC,"(P) - Private club - Inquire locally to admission,(YC) - Young and/or collegiate types,(D) - Dancing,(*) - Very popular",Bars/Clubs,,,9/7/2019 8:46am,9/7/2019 9:25am
334,Honey's Brass Rail,,105 W. Morehead,Chapel Hill,NC,,Bars/Clubs,,,9/7/2019 8:46am,9/7/2019 9:25am
335,Oleen's Lounge,,1831 South Blvd,Chapel Hill,NC,,Bars/Clubs,,,9/7/2019 8:46am,9/7/2019 9:25am
336,Scorpio Lounge,,4316 S. Tryon St.,Chapel Hill,NC,"(YC) - Young and/or collegiate types,(D) - Dancing,""(G) - Girls, but seldom exclusively"",(*) - Very popular",Bars/Clubs,,,9/7/2019 8:46am,9/7/2019 9:25am
338,Stein Room,Holiday Inn,422 Eastern Blvd.,Fayetteville,NC,(M) - Mixed Crowds,"Bars/Clubs,Hotels",,,9/7/2019 8:46am,9/7/2019 9:24am
339,General Greene Bar,,253 N. Greene St.,Greensboro,NC,,Bars/Clubs,,,9/7/2019 8:46am,9/7/2019 9:25am
340,Pied Piper Lounge,(Lawndale Shopping Center),2132 Lawndale Dr.,Greensboro,NC,"(D) - Dancing,(*) - Very popular",Bars/Clubs,,,9/7/2019 8:46am,9/7/2019 9:25am
341,Renaissance,,2130 Lawndale Dr.,Greensboro,NC,"(P) - Private club - Inquire locally to admission,(YC) - Young and/or collegiate types,(D) - Dancing,(BYOB) - Bring your own bottle,(*) - Very popular",Bars/Clubs,,,9/7/2019 8:46am,9/7/2019 9:25am
342,Mouse Trap,,1622 Glenwood Ave.,Raleigh,NC,"(P) - Private club - Inquire locally to admission,(D) - Dancing,(BYOB) - Bring your own bottle",Bars/Clubs,,,9/7/2019 8:46am,9/7/2019 9:25am
343,Queen Bee,Park Central Hotel (at McDowell),138 Martin,Raleigh,NC,,"Bars/Clubs,Hotels",,,9/7/2019 8:46am,9/7/2019 9:21am
344,Club One-O-Two,(betw. Dock & Orange),110 S. Front St.,Wilmington,NC,"(M) - Mixed Crowds,(*) - Very popular",Bars/Clubs,,,9/7/2019 8:46am,9/7/2019 9:25am
351,Virgo Social Club,(N. Charleston),2052 Hampton Ave,Charleston,SC,"(P) - Private club - Inquire locally to admission,(YC) - Young and/or collegiate types,(D) - Dancing,(*) - Very popular",Bars/Clubs,,,9/7/2019 8:46am,9/7/2019 9:36am
352,Wagon Wheel,,336 King St.,Charleston,SC,(M) - Mixed Crowds,Bars/Clubs,,,9/7/2019 8:46am,9/7/2019 9:36am
353,Zebra,,598 Meeting St. ,Charleston,SC,"(P) - Private club - Inquire locally to admission,(YC) - Young and/or collegiate types,(D) - Dancing,(*) - Very popular",Bars/Clubs,,,9/7/2019 9:27am,9/7/2019 9:36am
354,Campground ,"(Midge's)
",2717 Two Notch Rd.,Columbia,SC,"(YC) - Young and/or collegiate types,(D) - Dancing,(*) - Very popular",Bars/Clubs,,,9/7/2019 9:27am,9/7/2019 9:36am
355,Fortress,,5729 Shakespeare Rd.,Columbia,SC,"""(G) - Girls, but seldom exclusively""",Bars/Clubs,,,9/7/2019 9:27am,9/7/2019 9:36am
356,H & M (He & Me) Club,,2300 Two Notch Rd,Columbia,SC,"(YC) - Young and/or collegiate types,(D) - Dancing,(*) - Very popular",Bars/Clubs,,,9/7/2019 9:27am,9/7/2019 9:36am
357,The Lounge,,1103 Lady St. ,Columbia,SC,,Bars/Clubs,,,9/7/2019 9:27am,9/7/2019 9:36am
362,Trinking Club,,1232 Assembly St. ,Greenville,SC,"(YC) - Young and/or collegiate types,(D) - Dancing,(*) - Very popular",Bars/Clubs,,,9/7/2019 9:27am,9/7/2019 9:36am
370,Cross Keys,,1129 Market St.,Chattanooga,TN,(*) - Very popular,Bars/Clubs,,,9/7/2019 9:27am,9/7/2019 9:48am
371,Shed,,453 Parkway,Gatlinburg,TN,(M) - Mixed Crowds,Bars/Clubs,,,9/7/2019 9:27am,9/7/2019 9:48am
373,Long Branch Cafe,,124 E. Market,Johnson City,TN,,Bars/Clubs,,,9/7/2019 9:27am,9/7/2019 9:48am
374,Andrew Jackson Hotel Bar,,918 Gay St.,Knoxville,TN,(M) - Mixed Crowds,"Hotels,Bars/Clubs",,,9/7/2019 9:27am,9/7/2019 9:46am
376,Huddle,,219 W. Cumberland Ave,Knoxville,TN,(*) - Very popular,Bars/Clubs,,,9/7/2019 9:27am,9/7/2019 9:48am
377,Box Office,,10 N. Clevland,Memphis,TN,"""(R) - Restaurant, usually serving dinner. A '*' after this symbol does not necessarily indicate quality of food served, but popularity of the place. """,Restaurant,,,9/7/2019 9:27am,9/7/2019 9:46am
378,CLoset,,112 Jackson,Memphis,TN,"(P) - Private club - Inquire locally to admission,(YC) - Young and/or collegiate types,(D) - Dancing,(*) - Very popular",Bars/Clubs,,,9/7/2019 9:27am,9/7/2019 9:48am
379,Entre Nuit,,265 S. Cleveland,Memphis,TN,"""(R) - Restaurant, usually serving dinner. A '*' after this symbol does not necessarily indicate quality of food served, but popularity of the place. """,Restaurant,,,9/7/2019 9:27am,9/7/2019 9:46am
380,Fiesta,,1382 Poplar Ave,Memphis,TN,"""(G) - Girls, but seldom exclusively""",Bars/Clubs,,,9/7/2019 9:27am,9/7/2019 9:48am
381,George's Theatre Lounge,($1.50 adm.),1786 Madison Ave,Memphis,TN,"(S) - Shows - impersonators or record pantomime acts - often touristy,(*) - Very popular",Bars/Clubs,,,9/7/2019 9:27am,9/7/2019 9:47am
382,Ohman Inn,(after hours),2158 Union,Memphis,TN,"(M) - Mixed Crowds,""(C) - Coffee, soft drinks and sometimes snacks"",""(R) - Restaurant, usually serving dinner. A '*' after this symbol does not necessarily indicate quality of food served, but popularity of the place. ""","Hotels,Restaurant",,,9/7/2019 9:27am,9/7/2019 9:47am
383,Psyche Out,,76 N. Cleveland,Memphis,TN,"(YC) - Young and/or collegiate types,(*) - Very popular",Bars/Clubs,,,9/7/2019 9:27am,9/7/2019 9:48am
384,Hi Hat Lounge,,604 Commerce St.,Nashville,TN,,Bars/Clubs,,,9/7/2019 9:27am,9/7/2019 9:48am
385,Juanita's,,713 Commerce St. ,Nashville,TN,(*) - Very popular,Bars/Clubs,,,9/7/2019 9:27am,9/7/2019 9:48am
386,Jungle Lounge,"(best late)
",715 Commerce St.,Nashville,TN,"""(R) - Restaurant, usually serving dinner. A '*' after this symbol does not necessarily indicate quality of food served, but popularity of the place. "",""(G) - Girls, but seldom exclusively""",Restaurant,,,9/7/2019 9:27am,9/7/2019 9:47am
387,Studio Lounge,,208 3rd Ave S.,Nashville,TN,"(YC) - Young and/or collegiate types,(D) - Dancing,(*) - Very popular",Bars/Clubs,,,9/7/2019 9:27am,9/7/2019 9:48am
388,Metropolitan Community Church,,1502 Edgehill Ave,Nashville,TN,,Church,,,9/7/2019 9:27am,9/7/2019 9:45am
389,Watch Your Coat & Hat Saloon,"('The Saloon')
",139 2nd Ave North,Nashville,TN,"(YC) - Young and/or collegiate types,(S) - Shows - impersonators or record pantomime acts - often touristy,(D) - Dancing,(*) - Very popular",Bars/Clubs,,,9/7/2019 9:27am,9/7/2019 9:48am
390,Lakeway Package Store,(liquors),1410 E. Wood St.,Paris,TN,,Bars/Clubs,,,9/7/2019 9:27am,9/7/2019 9:48am
400,Pink Elephant,,1218 Leland,Houston,TX,(RT) - 'Raunchy types' - downtown type places - often hustlers,Bars/Clubs,,,9/7/2019 9:27am,9/7/2019 10:55am
401,Prufrock's Tavern,,424 Westheimer,Houston,TX,(M) - Mixed Crowds,Bars/Clubs,,,9/7/2019 9:27am,9/7/2019 10:55am
402,Red Room,,612 Hadley,Houston,TX,"(D) - Dancing,(*) - Very popular",Bars/Clubs,,,9/7/2019 9:27am,9/7/2019 10:55am
422,Alibi Lounge,,113 E. 6th St.,Amarillo,TX,,Bars/Clubs,,,9/7/2019 9:49am,9/7/2019 10:55am
423,Backdoor Lounge,,1507 W. 10th St.,Amarillo,TX,"(D) - Dancing,(BYOB) - Bring your own bottle,(*) - Very popular",Bars/Clubs,,,9/7/2019 9:49am,9/7/2019 10:55am
424,Apartment Lounge,(no sign - looks like a private house - park in back & use rear door) (this is nr. Guadalupe & 29th),2828 Rio Grande,Austin,TX,"(D) - Dancing,(*) - Very popular",Bars/Clubs,,,9/7/2019 9:49am,9/7/2019 10:55am
425,Pearl Street Warehouse,(semi-private - $1 adm.) (sue side door on 18th),1720 Lavaca,Austin,TX,"(YC) - Young and/or collegiate types,(D) - Dancing,""(G) - Girls, but seldom exclusively""",Bars/Clubs,,,9/7/2019 9:49am,9/7/2019 10:55am
427,Ronnie's Bamboo Lounge,,219 N. Frazier,Conroe,TX,,Bars/Clubs,,,9/7/2019 9:49am,9/7/2019 10:55am
428,Chez Paris,,2207 Ayers,Corpus Christi,TX,"(YC) - Young and/or collegiate types,(D) - Dancing,(*) - Very popular",Bars/Clubs,,,9/7/2019 9:49am,9/7/2019 10:55am
429,Joker ,,4950 Ayers,Corpus Christi,TX,"(D) - Dancing,""(G) - Girls, but seldom exclusively""",Bars/Clubs,,,9/7/2019 9:49am,9/7/2019 10:55am
430,Bachelors Quarters Baths,,3114 Live Oak,Dallas,TX,,Baths,,,9/7/2019 9:49am,9/7/2019 10:55am
431,Bayou Landing,,2609 N. Pearl nr. Cedar Springs,Dallas,TX,"(HIP) - Heads frequent,(YC) - Young and/or collegiate types,(D) - Dancing,""(R) - Restaurant, usually serving dinner. A '*' after this symbol does not necessarily indicate quality of food served, but popularity of the place. "",(*) - Very popular",Restaurant,,,9/7/2019 9:49am,9/7/2019 10:55am
432,Briarpatch,(off 1900 block of Greenville ave),5709 Oram,Dallas,TX,,Bars/Clubs,,,9/7/2019 9:49am,9/7/2019 10:55am
433,Castle,,3019 N. Haskell,Dallas,TX,"(M) - Mixed Crowds,""(G) - Girls, but seldom exclusively"",(B) - Blacks frequent",Bars/Clubs,,,9/7/2019 9:49am,9/7/2019 10:55am
435,Club Bon Soir,,5601 W. Lovers Lounge,Dallas,TX,(D) - Dancing,Bars/Clubs,,,9/7/2019 9:49am,9/7/2019 10:55am
436,Delta Baths,,2611 N. Pearl,Dallas,TX,(*) - Very popular,Baths,,,9/7/2019 9:49am,9/7/2019 11:13am
437,Detour,,3113 Live Oak,Dallas,TX,"(S) - Shows - impersonators or record pantomime acts - often touristy,(D) - Dancing",Bars/Clubs,,,9/7/2019 9:49am,9/7/2019 10:55am
438,Encore,,4516 McKinney,Dallas,TX,"(D) - Dancing,(*) - Very popular",Bars/Clubs,,,9/7/2019 9:49am,9/7/2019 10:55am
439,Entre Nuit,,3116 Live Oak,Dallas,TX,"(RT) - 'Raunchy types' - downtown type places - often hustlers,(D) - Dancing,""(G) - Girls, but seldom exclusively""",Bars/Clubs,,,9/7/2019 9:49am,9/7/2019 10:55am
440,Gene's Music Bar,(also (C) after hours weekends),307 S. Akard,Dallas,TX,"(RT) - 'Raunchy types' - downtown type places - often hustlers,(*) - Very popular,""(C) - Coffee, soft drinks and sometimes snacks""",Bars/Clubs,,,9/7/2019 9:49am,9/7/2019 10:55am
441,Highland Lounge,,3018 Monticello,Dallas,TX,"""(G) - Girls, but seldom exclusively""",Bars/Clubs,,,9/7/2019 9:49am,9/7/2019 10:55am
442,Horseshoe,,2210 Abrams Rd.,Dallas,TX,(M) - Mixed Crowds,Bars/Clubs,,,9/7/2019 9:49am,9/7/2019 10:55am
443,Jell's,,4018 Cedar Springs,Dallas,TX,"(M) - Mixed Crowds,""(R) - Restaurant, usually serving dinner. A '*' after this symbol does not necessarily indicate quality of food served, but popularity of the place. "",""(C) - Coffee, soft drinks and sometimes snacks""",Restaurant,,,9/7/2019 9:49am,9/7/2019 10:55am
444,Lucas B&B,,3520 Live Oak,Dallas,TX,"(M) - Mixed Crowds,""(R) - Restaurant, usually serving dinner. A '*' after this symbol does not necessarily indicate quality of food served, but popularity of the place. "",""(C) - Coffee, soft drinks and sometimes snacks""",Restaurant,,,9/7/2019 9:49am,9/7/2019 10:55am
445,Maars Bar,"(no booze - 'teenie boppers')
",1819 N. Henderson,Dallas,TX,"(D) - Dancing,(YC) - Young and/or collegiate types",Bars/Clubs,,,9/7/2019 9:49am,9/7/2019 10:55am
446,Metropolitan Community Church,First Unitarian Church,4015 Normandy St.,Dallas,TX,,Bars/Clubs,,,9/7/2019 9:49am,9/7/2019 10:55am
447,Palace,,6410 Gaston,Dallas,TX,"(S) - Shows - impersonators or record pantomime acts - often touristy,(D) - Dancing,(*) - Very popular",Bars/Clubs,,,9/7/2019 9:49am,9/7/2019 10:55am
448,Ramrod,,3224 N. Fitzhugh,Dallas,TX,"(W) - Western or coyboy types,(*) - Very popular",Bars/Clubs,,,9/7/2019 9:49am,9/7/2019 10:55am
449,Ron Sue's ,,3236 Mckinney,Dallas,TX,"(D) - Dancing,(S) - Shows - impersonators or record pantomime acts - often touristy,(*) - Very popular",Bars/Clubs,,,9/7/2019 9:49am,9/7/2019 10:55am
450,Studio 9 Theatre,,4817 Bryan,Dallas,TX,,Bars/Clubs,,,9/7/2019 9:49am,9/7/2019 10:55am
451,Swinger,(may be moving soon),2121 N. Field,Dallas,TX,"(W) - Western or coyboy types,(*) - Very popular",Bars/Clubs,,,9/7/2019 9:49am,9/7/2019 10:55am
452,T.J.'s,,3307 McKinney,Dallas,TX,"(W) - Western or coyboy types,(*) - Very popular",Bars/Clubs,,,9/7/2019 9:49am,9/7/2019 10:55am
453,Trio Coffee Shop,(after hours),3541 McKinney,Dallas,TX,"(M) - Mixed Crowds,(YC) - Young and/or collegiate types,""(R) - Restaurant, usually serving dinner. A '*' after this symbol does not necessarily indicate quality of food served, but popularity of the place. "",""(C) - Coffee, soft drinks and sometimes snacks""",Restaurant,,,9/7/2019 9:49am,9/7/2019 10:55am
454,Vapors,,5334 Lemmon,Dallas,TX,"""(G) - Girls, but seldom exclusively""",Bars/Clubs,,,9/7/2019 9:49am,9/7/2019 10:55am
455,Villa Fontana,,1315 Skiles nr. Live Oak,Dallas,TX,,Bars/Clubs,,,9/7/2019 9:49am,9/7/2019 10:55am
456,Apartment,,815 Myrtle,El Paso,TX,(M) - Mixed Crowds,Bars/Clubs,,,9/7/2019 9:49am,9/7/2019 10:55am
457,Banos Jordan,,557 Delgallado,Ciudad Juarez,Mexico,,Baths,,,9/7/2019 9:49am,9/7/2019 10:17am
458,Banos Roma,,881 Ignacio Meja,Ciudad Juarez,Mexico,,Baths,,,9/7/2019 9:49am,9/7/2019 10:32am
459,Club Olumpico,,210 Avenida Lerdo Sur,Ciudad Juarez,Mexico,,Bars/Clubs,,,9/7/2019 9:49am,9/7/2019 10:38am
460,Club Pigalle,,411 E. Franklin,El Paso,TX,,Bars/Clubs,,,9/7/2019 9:49am,9/7/2019 10:55am
461,D & M Club,,501 S. Mesa,El Paso,TX,"(M) - Mixed Crowds,""(G) - Girls, but seldom exclusively""",Bars/Clubs,,,9/7/2019 9:49am,9/7/2019 10:55am
462,Diamond Lil Club,,10416 Dyer,El Paso,TX,,Bars/Clubs,,,9/7/2019 9:49am,9/7/2019 10:55am
463,Le Milord,,606 Magoffin,El Paso,TX,,Bars/Clubs,,,9/7/2019 9:49am,9/7/2019 10:55am
464,Pet Shop,,207 E. San Antonio,El Paso,TX,"(YC) - Young and/or collegiate types,(D) - Dancing,(*) - Very popular",Bars/Clubs,,,9/7/2019 9:49am,9/7/2019 10:55am
465,After Dark,,1112 8th Ave,Ft. Worth,TX,"(D) - Dancing,(YC) - Young and/or collegiate types,""(G) - Girls, but seldom exclusively""",Bars/Clubs,,,9/7/2019 9:49am,9/7/2019 10:55am
466,Cave,"at 3rd
",304 Main,Ft. Worth,TX,,Bars/Clubs,,,9/7/2019 9:49am,9/7/2019 10:55am
467,Old South Pancake House,,1501 S. University Dr.,Ft. Worth,TX,"""(R) - Restaurant, usually serving dinner. A '*' after this symbol does not necessarily indicate quality of food served, but popularity of the place. "",""(C) - Coffee, soft drinks and sometimes snacks""",Restaurant,,,9/7/2019 9:49am,9/7/2019 10:55am
468,Other Place,,3026 W. Lancaster,Ft. Worth,TX,(*) - Very popular,Bars/Clubs,,,9/7/2019 9:49am,9/7/2019 10:55am
469,Six-Fifty-One Club,,651 S. Jennings,Ft. Worth,TX,"(W) - Western or coyboy types,(*) - Very popular",Bars/Clubs,,,9/7/2019 9:49am,9/7/2019 10:55am
470,T.J.'s Back Door,,5563 Jacksboro Hwy,Ft. Worth,TX,"(YC) - Young and/or collegiate types,(D) - Dancing,""(G) - Girls, but seldom exclusively"",(*) - Very popular",Bars/Clubs,,,9/7/2019 9:49am,9/7/2019 10:55am
471,Gym Baths,,220 23rd St,Galveston,TX,(*) - Very popular,Baths,,,9/7/2019 9:49am,9/7/2019 10:55am
472,Ken's Rooms,,407 25th St.,Galveston,TX,"""(H) - Hotel, motel, or other overnight accomodations""",Hotels,,,9/7/2019 9:49am,9/7/2019 10:55am
473,Kon Tiki,,214 W. 23rd St.,Galveston,TX,"(YC) - Young and/or collegiate types,(D) - Dancing,(*) - Very popular",Bars/Clubs,,,9/7/2019 9:49am,9/7/2019 10:55am
474,Paradise,,213 Kempner,Galveston,TX,"(D) - Dancing,(*) - Very popular",Bars/Clubs,,,9/7/2019 9:49am,9/7/2019 10:55am
475,Robert's Lafitte,,2503 Market,Galveston,TX,"(D) - Dancing,(S) - Shows - impersonators or record pantomime acts - often touristy",Bars/Clubs,,,9/7/2019 9:49am,9/7/2019 10:55am
477,Adam I Theatre,,4816 Main,Houston,TX,,Bars/Clubs,,,9/7/2019 9:49am,9/7/2019 10:55am
478,Bayou Landing ,,2020 Kipling,Houston,TX,"(HIP) - Heads frequent,(YC) - Young and/or collegiate types,(D) - Dancing,(*) - Very popular",Bars/Clubs,,,9/7/2019 9:49am,9/7/2019 10:55am
479,Brazos Bar,(Latins),2400 Brazos,Houston,TX,(RT) - 'Raunchy types' - downtown type places - often hustlers,Bars/Clubs,,,9/7/2019 9:49am,9/7/2019 10:55am
480,Briar Patch,,2294 W. Holcombe Blvd.,Houston,TX,"(PE) - Pretty elegant - jacket & tie may be required,(*) - Very popular",Bars/Clubs,,,9/7/2019 9:49am,9/7/2019 10:55am
481,Club Houston Baths,,2205 Fannin,Houston,TX,,Baths,,,9/7/2019 9:49am,9/7/2019 10:55am
482,Exile,(open afternoons),1011 Bell St.,Houston,TX,"(W) - Western or coyboy types,""(SM) - Some motorcycle. Don't confuse with 'M-S,' which means mixed crowds - shows. "",(B) - Blacks frequent,(RT) - 'Raunchy types' - downtown type places - often hustlers,(*) - Very popular",Bars/Clubs,,,9/7/2019 9:49am,9/7/2019 10:55am
483,Farm House,,3535 Westheimer,Houston,TX,(D) - Dancing,Bars/Clubs,,,9/7/2019 9:49am,9/7/2019 10:55am
484,Galleon,,2720 Richmond,Houston,TX,"(YC) - Young and/or collegiate types,(*) - Very popular",Bars/Clubs,,,9/7/2019 9:49am,9/7/2019 10:55am
485,Glass Stein,,3207 Montrose,Houston,TX,"(D) - Dancing,(S) - Shows - impersonators or record pantomime acts - often touristy",Bars/Clubs,,,9/7/2019 9:49am,9/7/2019 10:55am
486,Gold Room,,2802 Austin,Houston,TX,"(B) - Blacks frequent,(*) - Very popular",Bars/Clubs,,,9/7/2019 9:49am,9/7/2019 10:55am
487,Harrigan's,,2202 Kirby,Houston,TX,"(M) - Mixed Crowds,(PE) - Pretty elegant - jacket & tie may be required,""(R) - Restaurant, usually serving dinner. A '*' after this symbol does not necessarily indicate quality of food served, but popularity of the place. """,Restaurant,,,9/7/2019 9:49am,9/7/2019 10:55am
488,Hi Kamp Club,,3400 Travis,Houston,TX,"""(R) - Restaurant, usually serving dinner. A '*' after this symbol does not necessarily indicate quality of food served, but popularity of the place. "",(D) - Dancing,(S) - Shows - impersonators or record pantomime acts - often touristy,(B) - Blacks frequent",Restaurant,,,9/7/2019 9:49am,9/7/2019 10:55am
489,Keys Lounge,,5607 Morningside,Houston,TX,"(*) - Very popular,""(G) - Girls, but seldom exclusively""",Bars/Clubs,,,9/7/2019 9:49am,9/7/2019 10:55am
490,La Boheme,(closed - supposedly re-opening),1504 Westheimer,Houston,TX,,Bars/Clubs,,,9/7/2019 9:49am,9/7/2019 10:55am
491,La Caja,"(Patio in back)
",1104 Tuam,Houston,TX,(W) - Western or coyboy types,Bars/Clubs,,,9/7/2019 9:49am,9/7/2019 10:55am
492,La Carafe,(Old Market Square),813 Congress,Houston,TX,(M) - Mixed Crowds,Bars/Clubs,,,9/7/2019 9:49am,9/7/2019 10:55am
493,Les Quartre aisons,(Old Market Square),316 Milan,Houston,TX,"(M) - Mixed Crowds,(PE) - Pretty elegant - jacket & tie may be required",Bars/Clubs,,,9/7/2019 9:49am,9/7/2019 10:55am
495,Mary's Bar,(closed - supposedly re-opening),1022 Westheimer,Houston,TX,"(W) - Western or coyboy types,""(SM) - Some motorcycle. Don't confuse with 'M-S,' which means mixed crowds - shows. """,Bars/Clubs,,,9/7/2019 9:49am,9/7/2019 10:55am
496,Michael One,,2969 S. Main St.,Houston,TX,"""(R) - Restaurant, usually serving dinner. A '*' after this symbol does not necessarily indicate quality of food served, but popularity of the place. "",(M) - Mixed Crowds",Restaurant,,,9/7/2019 9:49am,9/7/2019 10:55am
497,Midtown Lounge,,2907 S. Main St.,Houston,TX,,Bars/Clubs,,,9/7/2019 9:49am,9/7/2019 10:55am
498,Mini Park Theatre,,2906 S. Main St.,Houston,TX,,Bars/Clubs,,,9/7/2019 9:49am,9/7/2019 10:55am
499,Mr. Frizby's Baths,,3401 Milam,Houston,TX,,Baths,,,9/7/2019 9:49am,9/7/2019 11:13am
500,Nine Hundred Club,(good afternoons),900 Lovett,Houston,TX,(D) - Dancing,Bars/Clubs,,,9/7/2019 9:49am,9/7/2019 10:55am
501,Numbers,,1003 California,Houston,TX,,Bars/Clubs,,,9/7/2019 9:49am,9/7/2019 10:55am
502,Palace Club,(penthouse level) (at Harold),3400 Montrose,Houston,TX,"(M) - Mixed Crowds,(HIP) - Heads frequent,(YC) - Young and/or collegiate types,(D) - Dancing",Bars/Clubs,,,9/7/2019 9:49am,9/7/2019 10:55am
503,Roaring Sixties,,2305 Shepherd,Houston,TX,"""(G) - Girls, but seldom exclusively"",(D) - Dancing,(*) - Very popular",Bars/Clubs,,,9/7/2019 10:27am,9/7/2019 10:55am
504,Round Table,(best Sunday afternoons),506 Westheimer,Houston,TX,,Bars/Clubs,,,9/7/2019 10:27am,9/7/2019 10:55am
505,Silver Dollar,(Art Wren's) (After Hours),616 Westheimer,Houston,TX,"""(C) - Coffee, soft drinks and sometimes snacks"",""(R) - Restaurant, usually serving dinner. A '*' after this symbol does not necessarily indicate quality of food served, but popularity of the place. "",(RT) - 'Raunchy types' - downtown type places - often hustlers",Restaurant,,,9/7/2019 10:27am,9/7/2019 10:55am
506,Simpson's Diner,,1413 Main St.,Houston,TX,"""(R) - Restaurant, usually serving dinner. A '*' after this symbol does not necessarily indicate quality of food served, but popularity of the place. "",""(C) - Coffee, soft drinks and sometimes snacks"",(RT) - 'Raunchy types' - downtown type places - often hustlers",Restaurant,,,9/7/2019 10:27am,9/7/2019 10:55am
507,Storybook Book Store,,1312 W. Alabama,Houston,TX,,Book Store,,,9/7/2019 10:27am,9/7/2019 10:55am
508,Surf,(closes 12pm),2909 Main St,Houston,TX,(RT) - 'Raunchy types' - downtown type places - often hustlers,Bars/Clubs,,,9/7/2019 10:27am,9/7/2019 10:55am
509,Woodrow Hotel,"(scheduled to be torn down)
",1412 Fannin,Houston,TX,"(M) - Mixed Crowds,""(H) - Hotel, motel, or other overnight accomodations"",(RT) - 'Raunchy types' - downtown type places - often hustlers",Hotels,,,9/7/2019 10:27am,9/7/2019 10:55am
512,Diane's Lounge,(thru restaurant - lounge in rear),1801 19th ,Lubbock,TX,"(YC) - Young and/or collegiate types,(D) - Dancing,(*) - Very popular",Bars/Clubs,,,9/7/2019 10:27am,9/7/2019 10:55am
513,Duffy's Tavern,,5 S. 16th St.,McAllen,TX,(*) - Very popular,Bars/Clubs,,,9/7/2019 10:27am,9/7/2019 10:55am
514,Friendly Lounge,,106 East Hwy,McAllen,TX,,Bars/Clubs,,,9/7/2019 10:27am,9/7/2019 10:55am
516,Lion's Den,,n/a,Renosa,Mexico,,Bars/Clubs,,,9/7/2019 10:27am,9/7/2019 10:55am
517,Ladies Lounge,,n/a,Renosa,Mexico,,Bars/Clubs,,,9/7/2019 10:27am,9/7/2019 10:55am
518,Skylight Bar,,415 N. Jackson,Odessa,TX,(*) - Very popular,Bars/Clubs,,,9/7/2019 10:27am,9/7/2019 10:55am
519,Arena Club,,3123 Broadway,San Antonio,TX,"(YC) - Young and/or collegiate types,(D) - Dancing,(*) - Very popular",Bars/Clubs,,,9/7/2019 10:27am,9/7/2019 10:55am
520,Buddha Lounge,,2315 San Pedro,San Antonio,TX,"""(G) - Girls, but seldom exclusively""",Bars/Clubs,,,9/7/2019 10:27am,9/7/2019 10:55am
521,Chez Redezvous,,3530 Broadway,San Antonio,TX,(*) - Very popular,Bars/Clubs,,,9/7/2019 10:27am,9/7/2019 10:55am
522,Christopher ,,722 S. St. Mary's,San Antonio,TX,"(S) - Shows - impersonators or record pantomime acts - often touristy,(D) - Dancing",Bars/Clubs,,,9/7/2019 10:27am,9/7/2019 10:55am
523,Cork Room,(Latins),411 N. St. Mary's,San Antonio,TX,,Bars/Clubs,,,9/7/2019 10:27am,9/7/2019 10:55am
524,Desert Fox,,309 W. Market St.,San Antonio,TX,,Bars/Clubs,,,9/7/2019 10:27am,9/7/2019 10:55am
525,El Jardin,"(patio in back, good Sunday afternoons)",106 Navarro,San Antonio,TX,(*) - Very popular,Bars/Clubs,,,9/7/2019 10:27am,9/7/2019 10:55am
526,Frisco Lounge,,115 E. Travis,San Antonio,TX,"(RT) - 'Raunchy types' - downtown type places - often hustlers,(*) - Very popular",Bars/Clubs,,,9/7/2019 10:27am,9/7/2019 10:55am
528,Globe News Stand,,2014 E. Houston,San Antonio,TX,,Book Store,,,9/7/2019 10:27am,9/7/2019 10:55am
529,Hypothesis,(only mixed drinks so far!),3000 N. St. Mary's,San Antonio,TX,"(D) - Dancing,""(G) - Girls, but seldom exclusively"",(*) - Very popular",Bars/Clubs,,,9/7/2019 10:27am,9/7/2019 10:55am
530,Mary Ellen's,,815 Fredicksburg Rd.,San Antonio,TX,"""(G) - Girls, but seldom exclusively"",(B) - Blacks frequent",Bars/Clubs,,,9/7/2019 10:27am,9/7/2019 10:55am
531,Rickshaw,,133 E. Houston,San Antonio,TX,"(B) - Blacks frequent,(D) - Dancing",Bars/Clubs,,,9/7/2019 10:27am,9/7/2019 10:55am
534,Louise's,,117 1/2 S. Main,Victoria,TX,,Bars/Clubs,,,9/7/2019 10:27am,9/7/2019 10:55am
536,The Pub,,142 S. Franklin,Waco,TX,(*) - Very popular,Bars/Clubs,,,9/7/2019 10:27am,9/7/2019 10:55am
537,Office,,800 Travis ,Wichita Falls,TX,(M) - Mixed Crowds,Bars/Clubs,,,9/7/2019 10:27am,9/7/2019 10:55am
538,Pub Lounge,,804 Lamar,Wichita Falls,TX,"(M) - Mixed Crowds,(YC) - Young and/or collegiate types,(*) - Very popular",Bars/Clubs,,,9/7/2019 10:27am,9/7/2019 10:55am
540,Purple Cage,,33 E. Mellon,Hampton,VA,,Bars/Clubs,,,9/7/2019 10:27am,9/7/2019 11:09am
542,Continental,,111 West Tazewell,Norfolk,VA,"(M) - Mixed Crowds,(RT) - 'Raunchy types' - downtown type places - often hustlers,(B) - Blacks frequent,(*) - Very popular",Bars/Clubs,,,9/7/2019 10:27am,9/7/2019 11:09am
543,Cue,,4601 Killam,Norfolk,VA,"(YC) - Young and/or collegiate types,(D) - Dancing,(*) - Very popular",Bars/Clubs,,,9/7/2019 10:27am,9/7/2019 11:09am
544,Fleet,,2013 Taussig,Norfolk,VA,"""(R) - Restaurant, usually serving dinner. A '*' after this symbol does not necessarily indicate quality of food served, but popularity of the place. "",(M) - Mixed Crowds",Restaurant,,,9/7/2019 10:27am,9/7/2019 11:06am
546,Lancer's,,7726 Hampton,Norfolk,VA,"(M) - Mixed Crowds,(RT) - 'Raunchy types' - downtown type places - often hustlers",Bars/Clubs,,,9/7/2019 10:27am,9/7/2019 11:08am
547,Mickey's,,135 Brooke Ave,Norfolk,VA,"(YC) - Young and/or collegiate types,(D) - Dancing,(*) - Very popular",Bars/Clubs,,,9/7/2019 10:27am,9/7/2019 11:08am
548,Occidental,"(after hours)
",209 Granby St.,Norfolk,VA,"(M) - Mixed Crowds,""(R) - Restaurant, usually serving dinner. A '*' after this symbol does not necessarily indicate quality of food served, but popularity of the place. "",""(C) - Coffee, soft drinks and sometimes snacks"",(RT) - 'Raunchy types' - downtown type places - often hustlers",Restaurant,,,9/7/2019 10:27am,9/7/2019 11:07am
549,Raphael's,,426 Granby St. ,Norfolk,VA,"(YC) - Young and/or collegiate types,(D) - Dancing,""(R) - Restaurant, usually serving dinner. A '*' after this symbol does not necessarily indicate quality of food served, but popularity of the place. "",""(C) - Coffee, soft drinks and sometimes snacks""",Restaurant,,,9/7/2019 10:27am,9/7/2019 11:07am
550,Ritz Bar,,131 Brooke Ave,Norfolk,VA,(*) - Very popular,Bars/Clubs,,,9/7/2019 10:27am,9/7/2019 11:08am
551,Village Books,,121 Brooke Ave.,Norfolk,VA,,Book Store,,,9/7/2019 10:27am,9/7/2019 11:07am
552,Y.M.C.A.,,130 Brooke Ave.,Norfolk,VA,"""(H) - Hotel, motel, or other overnight accomodations"",(M) - Mixed Crowds",Hotels,,,9/7/2019 10:27am,9/7/2019 11:08am
554,Dial Tone,Richmond Shopping Center,3526 W. Cary,Richmond,VA,"(YC) - Young and/or collegiate types,(*) - Very popular",Bars/Clubs,,,9/7/2019 10:27am,9/7/2019 11:08am
555,Four-O-Nine Club,,409 W. Broad St.,Richmond,VA,"(P) - Private club - Inquire locally to admission,(YC) - Young and/or collegiate types,(D) - Dancing,(*) - Very popular",Bars/Clubs,,,9/7/2019 10:27am,9/7/2019 11:08am
556,Traveler's Grill,,317 5th St. ,Richmond,VA,"(B) - Blacks frequent,(RT) - 'Raunchy types' - downtown type places - often hustlers",Bars/Clubs,,,9/7/2019 10:58am,9/7/2019 11:08am
557,Y.M.C.A.,,2 W. Franklin St. ,Richmond,VA,"""(H) - Hotel, motel, or other overnight accomodations"",(M) - Mixed Crowds","Bars/Clubs,Hotels",,,9/7/2019 10:58am,12/7/2019 2:23pm
558,Tradewinds,,717 Franklin Rd. S.W.,Roanoke,VA,(*) - Very popular,Bars/Clubs,,,9/7/2019 10:58am,9/7/2019 11:08am